gen0,gen1,gen2,gen3,gen4,gen5,gen6,gen7,gen8,gen9,gen10,gen11,gen12,gen13,gen14,gen15,gen16,gen17,gen18,gen19,gen20,gen21,gen22,gen23,gen24
559375.8968464151,272700.9983051226,241047.6742202793,315259.5109409231,205710.8592853208,246977.56677896887,583017.0072157588,184301.7270883262,110886.04304603412,696693.2418223179,314229.38185530744,62012.011358291726,123299.83279916024,603258.1266228639,167235.1212722949,162555.5692919041,894555.6898072081,77038.7495695202,75761.57472373708,70644.87800956794,73165.69925057185,69456.20857783877,71681.07378388822,77883.34984339919,393753.42020470503
287091.60950116214,373889.44340880215,294141.79560509627,257608.66796624401,237399.33371301484,65364.63861832477,226128.12218322535,164451.1423248101,201976.68083742113,258976.83479436015,152059.26563157758,128896.39435020131,929762.5330278637,133522.64305687186,43361.232543836384,147581.22539425446,100927.95452633956,196491.71138390442,68742.81757889478,87043.7665023622,75042.2638089162,71054.45408407306,60462.8296073496,49026.749330639985,812065.9650822099
566995.0802996863,525415.3296030469,300381.5801231401,252203.3601884368,259508.53999121411,221325.7756281186,60038.02676131242,263814.7241663477,162416.48409851408,156790.69769838714,276001.1386462919,563408.9878027632,186230.03539766173,995326.6765922076,133157.79813676534,157064.46105079376,62459.70879108858,500000.0,399697.9223825877,89888.41865658222,60452.780208364806,82113.57158967959,68216.55110668251,73753.77846501919,42052.32217675551
532563.963060121,268294.9685504767,289758.57281006104,500000.0,156492.60318796552,373968.9172391324,53148.485468281375,891477.0057090626,136288.44388258897,105096.38818746891,500000.0,78564.96579375761,616593.2190192309,435721.64941181627,94902.58698899669,149755.88188241486,40371.377785450204,199451.13951344995,930296.0168042181,93181.48876755782,93730.98405696302,81923.7600279441,105468.95304773482,67720.28078592547,71861.15379344265
250620.62805187458,451071.026882975,336142.0423464187,165372.88583775144,263138.4398152561,162228.4526395712,732936.535238072,966981.718368685,500000.0,126139.54525707316,422515.03545790375,219586.6116785523,100666.54864162048,91379.61529066224,69539.53520496172,164623.27388332743,87831.03275101181,64308.879980894664,85861.42510126854,71925.452313523,91462.59896115889,311275.7079744968,75638.05372062114,61838.95422805981,104628.47226100278
267942.1640140539,228534.45734069962,365164.2394993219,214024.57089813083,290456.0264117766,136611.3808010026,297180.08515181224,384841.4563120143,114886.37253163994,207284.76454485065,173713.76571857117,156637.9861620729,1060519.6778299056,155596.1924578551,218872.93303118076,574050.9794584439,203723.61014811386,85399.76401940135,76361.6330419585,713103.2348090127,42566.59036303275,173722.06353771818,67934.4646814596,71609.6340159135,72766.9708493741
321524.0253773944,273457.17474318994,309559.7066879843,150540.60470309394,240575.88920613122,229600.38082832628,223315.21302072465,142514.74131935253,342910.8883157942,178181.34696424662,128393.72893643304,173732.26297153506,730901.2475004207,205428.04635202792,180962.90084202684,107347.56372453723,48628.9678122785,123173.22963905026,84846.09830242555,76323.82871340221,61662.221812095246,34242.48925480912,82827.17367086664,54304.330573964384,76126.82822580822
253878.38542368144,330570.8700824283,250265.25080542974,171244.09167386813,290786.34208453295,1147717.7908733124,162336.92077667383,148015.03557770728,543518.4793535576,150526.1173841917,157237.42636693368,224289.44353671634,69840.7639439393,153306.07922744757,135840.84546855983,232484.66590066178,347249.1767126978,181512.24274373282,119144.6388369812,125039.55474671003,68508.448171332,100962.43192335605,65117.11970051014,69658.00708279345,73700.23815887356
481744.99893771403,349299.91498512373,289622.35446070705,310127.78134580737,165372.88583775144,157265.50153256918,178608.0222954497,242682.21691578836,155042.66876487323,121027.81269266673,751429.2816604865,111412.45348844078,915291.2327916534,93268.99505418667,153947.16826994513,127023.2109528597,70951.22255473991,79793.23138240736,89807.77592420386,82213.70029557202,70657.4041325865,74081.59046505246,70274.94654888607,717367.1661633764,864865.6818025752
448298.82442317175,342148.85659549566,175513.92775200395,174257.4797831971,270099.58028559125,214024.57089813083,139062.8463519219,259773.81202929132,184117.789438499,203633.73615527226,295663.6086613388,69754.0109443867,770484.562733498,158279.3336853158,365063.84580085403,156071.90043357993,266633.16474428435,70258.54475233277,69338.77652818065,111297.24357264026,78116.70878861673,82200.61831106475,87193.41824768833,69026.68492445716,312600.4246316133
164509.6425131401,322615.2012271945,595098.1122972292,341519.4304451813,237582.60718626442,178174.42392639376,287685.69663837506,159559.45021515962,143637.2817488341,150182.41634060396,491552.5920620492,146490.58077234222,171421.6468624547,123299.83279916024,234044.48445751646,74215.06383766548,81971.17101398128,79104.54789433288,70378.93870118592,35496.34076159577,199882.40384752298,73684.96783560637,43843.377462101234,74251.53163154547,80200.75034934029
266484.5066800852,289622.35446070705,664765.1527566146,388935.1339574542,191591.16480003035,148491.18223269482,236944.6579421268,202111.56477138383,161499.72567251124,118710.91948588249,1013324.1827856468,80227.69777691166,149128.6801151376,114932.10403085683,45721.205450590365,41150.66523554253,87962.050749623,91404.01757431222,87934.28409305705,67707.53754942128,88219.74041566392,72212.10373847972,71687.3480389754,75447.0158492424,71558.27130605654
876758.866425109,240741.85823697614,228483.5583051931,269171.6655009487,303326.5614005439,103958.36472416288,43581.14947050883,130577.86234724624,105096.38818746891,168082.61105647765,229478.75922297465,445468.38054174103,42009.815586436525,253976.13820028547,585174.2718162115,92702.5284677757,59936.40143112306,712619.3913174998,89807.77592420386,57802.44187535487,902862.1075021272,72669.98456750881,1152123.4593272721,71908.72160574535,38732.946477927224
335101.67237896135,234988.5299056421,335262.21692016715,204411.90609955537,213544.10870201362,165363.8528600556,304737.6731114518,267475.9150746502,585770.925630524,113454.49635240581,388267.82509485306,166841.66692658176,69233.55280155604,157840.84896827556,106891.0943086632,81426.97891924783,68674.3943443866,1084520.5108600105,91147.77154428106,331254.760049738,75694.85445912505,31800.328777000235,92674.0469781293,288986.7722949769,43338.616535201756
364384.9141541996,660147.2102992877,167946.94897449302,231053.26753807275,249608.2269314417,288405.1327539424,161677.70319338364,604945.1697231397,666282.5809432003,120911.62139077691,211157.787555211,125939.02598387514,1110660.093557814,79626.00306643048,70503.76698259955,92702.5284677757,133595.65235237984,76316.71073397396,63838.42751457547,68336.71881029474,77766.14830792006,83722.6576443761,66993.40241585359,72286.52681571138,89619.54932940252
225797.88532051002,415766.79039539245,325658.68104500417,319838.07376798696,132424.1970054505,242682.21691578836,57018.30443048815,227094.7519857656,291324.08994563634,968660.4918664702,165912.16458264086,236082.5302019873,217151.3587245201,163687.38288755462,164972.88838971697,169916.92273282175,94203.65262886204,92093.76872141557,75804.39545672525,55638.73257675559,68495.5369001506,66716.79803615055,72033.92312500629,96599.18607916335,75154.19344992444
633763.4585813448,532583.074524521,373128.51530496916,284754.30827470997,155268.2146108792,228055.6307382983,749588.5983252154,267688.41151735693,292865.5829710585,696384.0458092628,141650.74705232013,161693.04794746535,165271.09022460363,102589.10698533541,136825.38128732445,156995.50714808013,133802.34671198635,98720.31607100269,67724.53126646395,275428.9623877286,67436.58939306243,83496.45663727916,75446.44514129066,84569.51588294574,57125.26417680456
367104.33840694604,365198.3891011477,240579.83929094428,284679.28822477174,224817.57214740175,126135.90940940927,133584.1967839027,410378.55176069133,1070338.9923495355,169172.96565969137,110423.27695921902,160870.3864789745,87373.8313409928,164623.27388332743,271786.40207500075,133580.00997207852,144562.22594917277,776234.9343899796,105042.56056456364,802138.746739759,105339.01565613152,71443.9174086474,85225.52708167491,68138.68592375083,70186.63202621113
415511.10893582716,288560.4810223172,403608.5070933734,259547.87412335,181005.21711488097,349564.55623311875,147422.08133524278,229513.07562347787,790143.0336251969,189504.08664679484,188406.5695108398,187156.41836896772,170712.84410045695,57223.159827522744,134309.88459495507,170785.73172829146,129002.41581793054,97385.45843828064,920217.2473092501,82863.4677558964,83921.71005990432,75509.4894829658,55368.198122545175,62337.00166215902,75587.77474911262
289323.7784178895,265677.4035454283,349806.84950074565,171814.1974540064,268500.01625728706,302806.2806090965,234717.81055932626,287570.51708948135,228955.5235847627,106948.47961920282,142707.69594876282,185625.28517647216,145114.93366021334,133806.50317336997,167067.46442510234,125513.78916408631,81651.40880799941,121400.95700530344,1205625.9071666966,86498.09036965715,53945.91819346488,79362.1228027435,83985.82667184752,73404.32332363538,75775.86971456457
412018.6474114624,153701.11583257705,241493.4095349082,183143.50369907933,106976.70783674609,160816.75676615018,265201.78741542343,867676.3878953592,214573.15632751083,669853.2710501594,125682.0306151285,139498.74101024593,168624.66092450265,174604.70087507105,176076.31822532672,101579.42537735679,192697.6422017315,81539.62526410715,103007.83143141316,83910.89464389606,60561.42632355293,58383.984732428115,62635.90819202368,80909.48725448576,96715.1106621452
351135.35337955557,276757.3519982323,396047.2509392692,258262.42018004498,224434.6577524947,160664.79804150452,214107.46565551066,58464.266785908265,211492.19206580924,167860.02974941224,137569.50118707638,244999.66958797863,62956.16230105388,249193.66620747955,236415.50145037335,109190.44989560863,83315.6577302701,62385.59658175505,82834.18503268703,66626.22019850055,42341.729541010296,65866.38404003804,1174921.4196799903,71060.90891138394,68059.05799788403
373333.26675008377,284081.1395473352,500000.0,264780.5967693917,328227.6631647571,334030.4100503193,192431.67400885193,127003.12849052515,62704.31931453815,183810.77507132973,113799.51916249006,107346.36994785472,455765.8957348435,184090.4879037032,143260.2873238144,168185.13874849878,139620.95199100813,75804.39545672525,500000.0,82095.9418226171,70722.16789315162,101784.86216653232,77215.84528046573,70841.03555037224,50886.70201389595
364287.47532734775,237654.8935780747,289789.87862326927,56967.15968040392,500000.0,327987.5007056234,151740.58014192386,132422.06000433225,136611.3808010026,106882.09069319464,170375.22101302302,180808.44478750118,168055.08236867556,463489.49799765827,83572.94244698,157649.78393361648,108376.78318413542,106961.52201817583,741294.6933851216,99405.93331151694,64715.883525927115,68005.94698199494,75154.19344992444,870891.234030026,83921.90511118848
416774.74607769866,343972.31481499993,267117.22098349285,271495.9766421527,365875.29414166714,148010.07362614534,167539.459913365,139134.6442795855,109169.21885308635,154750.44417554798,161318.16753220733,1081570.4583781592,154903.93716600642,125259.42575180944,215699.92930637216,162168.60668738582,778760.7549405647,92956.93234370304,80334.40384436563,490891.25466308615,88929.7078856514,47847.611599514144,364944.61733480723,80576.17711738715,500000.0
427611.9794188582,353498.399146055,240575.88920613122,448726.3536551874,424330.2609585112,154933.4411081699,263814.7241663477,147983.0360281723,167312.8790174878,106371.93907075579,184035.92442633767,97483.89577332622,178741.76624209233,222684.07795432545,169893.68403941463,159194.20970781287,1006555.8005150639,109378.10455849723,101379.07972643508,1033724.4061220487,37374.40050912992,689576.2271058956,105305.22653454215,72479.24925161237,70229.17733122088
112192.14969725099,242514.6382473025,250156.08467388517,328987.9621274257,234653.62744514932,235191.7801751159,170283.38826036802,214107.46565551066,160644.0492349097,178327.20429598168,107065.62032389772,713589.8743231865,500000.0,744660.305007362,223861.07923408534,85809.27768916506,84441.66197162395,65614.45624963778,88065.39391348648,81793.1821934173,63198.911674890325,43888.44039442926,42768.42348548157,67227.20762128435,77265.72273903029
305501.6036334833,424792.7715844317,293783.9718023401,179382.55158554285,235842.31440176087,171310.11436414448,243066.54072377313,269747.82939053746,172550.48353191736,184013.2382629293,184866.86783367285,172365.6929814895,219796.15441575216,1139491.8842828374,132798.6165233325,183430.38499340418,80347.55268665326,99050.5716187199,77540.03596255367,85360.02341164944,75975.55132326273,41952.973261289575,60658.36642131282,72549.49024576273,48772.116293805564
438925.8337067702,323974.57176619826,263941.39303201134,316246.03892233147,171814.1974540064,288297.7429701822,177700.8275289732,131853.90273846226,296984.83419749525,181846.43654349048,374349.3011290706,165469.99111700658,156759.30688411748,211687.63520992952,278260.8824105088,761600.5905991063,171555.93856470977,261527.88556543237,78064.58023047919,77293.6741159083,86498.09036965715,183529.32466717897,113773.64414390754,67421.0512379316,68363.46579927084
274096.2459402269,221538.64082041834,289178.1847038265,252074.9745895011,303907.00321662176,696693.7135122077,148015.03557770728,102707.92593101732,572287.9116399586,1248601.3946603974,956638.9274276148,99996.39876895312,161552.92646139924,277682.73947226955,81426.97891924783,192684.50658780962,185934.8122335512,261996.58670073305,62138.98527142572,68336.71881029474,68014.68325770166,78465.11648650432,323584.97747414914,69208.22554390966,113957.39026315826
105862.53106172751,954843.1776045843,347105.88827758003,242257.66409520086,351494.9387578246,676005.4578410515,230547.58574718345,230244.44081883214,265929.456411795,174538.09784729203,91160.24546566592,204063.55052456816,266211.05140231195,692665.9742031192,150729.9998464798,86392.47953480184,78186.34606870696,836367.518039224,78271.78873368826,72152.19298790024,89412.99774616293,74791.70410801533,77055.06130737819,93140.54699242597,46999.051324731074
372802.01244272245,328251.06164641073,162499.47582254448,305434.23373855115,265080.0961611053,410344.4924541054,359944.82175836375,214573.15632751083,132495.6860106246,225225.28376647568,97352.50584504436,588893.1062626132,694620.7295285602,133097.40187281772,131217.9619656786,148027.317323293,75804.39545672525,41112.383132351846,83235.16448533435,245279.3582561385,49868.740912021065,97082.84413067969,75360.29573315832,52561.66240533197,70566.4639498096
1492693.4020434755,231116.59945729905,293118.4347078785,306293.5718974179,284694.0779247975,163746.13860717468,164737.38325747766,147893.71531120027,212298.7285656407,963558.8673027875,133627.98969787394,97352.50584504436,547384.1326424272,63703.21622067533,149954.75013382005,140305.36254234257,142074.15841292622,458470.3925118212,61900.93733598107,69833.7841243297,79720.02769496976,103748.19781184202,66896.27916073203,42869.539308128,41466.713147320705
952099.9631137854,315296.00844831124,774208.829580468,592820.2449829623,244156.2029523176,190803.2980211859,135432.3403651735,157903.91063677467,86975.06576915557,458127.03494050854,78095.47074080806,427511.06800746045,592763.3719429176,152329.64532390563,146645.7317008535,151777.47407249798,96629.41484090015,208328.50981116225,72443.51476780197,76040.646446978,50681.14497536805,77553.02143617098,500000.0,43338.616535201756,73404.32332363538
257012.66721453588,623558.4583327771,314220.0978914335,106976.70783674609,517120.7927246763,407055.52810446755,163595.39109797517,182790.280614377,57095.75557081523,162842.87341655587,471393.3623708396,212144.97839441185,112571.40246455629,133157.8516841767,185270.11666205578,168934.88604195727,86596.53440304573,271920.30365945125,79870.23977293748,591584.1561727214,135896.64109156397,70638.09781368164,70666.65800982315,817978.3208085748,69969.65664377094
312264.69507898635,447394.16634573194,242345.92937428466,263676.43558898603,640497.5291450659,208593.66122790184,171358.19098461984,202055.859860816,172546.6233474603,161499.72567251124,172097.1181234286,338130.39448070957,163706.8005848928,125378.59411239735,245493.25254696235,138718.7119191294,329386.4557314402,757729.4617590483,91185.33644758123,66977.29627755136,881207.0609004822,80657.12392368406,72200.78447307841,48772.116293805564,69024.54500317475
452657.6935815596,449747.05232468166,232418.14443812403,389539.24115662876,209083.0789534413,408997.4336924912,171310.11436414448,266879.72873858514,197956.08522348883,162479.85002483852,230990.81828218582,214197.54987477575,158946.98347419215,709424.3909857174,761489.7669439485,96179.30639036314,126765.59825202162,109943.43500489186,77943.71098076977,86415.58931740295,808461.4582875917,70226.01801350823,63449.31636172146,68205.7666895622,43116.50258106585
80961.4707509263,396583.9945236913,338026.1068186027,283573.08352436183,164565.387116844,389771.8236505631,133445.46014859463,273262.47720288386,231043.32636926742,142707.69594876282,101125.95280223963,174500.83664246622,204645.41554505407,173421.5715708324,630881.1181937978,148868.3909194152,205677.73103556567,188245.04135615693,73304.02558831603,69948.64304059272,72680.77428586662,98220.98161162362,84401.04639777857,86571.3131401336,55299.19223373022
438915.07496523357,433201.7575433553,274460.62262030185,318331.6980098274,56967.15968040392,125407.09358107549,171651.82596617454,173669.20587169315,398534.45247292705,145139.216006969,163146.16199193828,119326.45191683402,454565.1102608436,259965.24418215937,144406.60130310306,190236.29949711123,125513.78916408631,96781.63647822522,69841.82048094744,104149.6630683802,118555.28694350473,48515.53785375666,60476.37145663981,49852.03169480365,75154.19344992444
255179.94981136447,409829.19639112486,380894.7081473921,237363.6366388345,352649.98030591826,188641.0384428007,374597.0301759203,157927.9231697689,730022.1266036982,112847.85714369561,172757.61104764187,175364.94955746256,267140.2251478119,154467.03262467173,122211.83472410611,154157.2296085407,72109.26920027004,294275.7398740673,65486.43092115383,197038.602815483,76493.73877679986,63229.00257413101,71428.13948474317,67133.72153810703,66335.56990061796
417728.6075099606,334707.2819148002,170151.02535734687,185482.3158228672,185520.343702272,237716.1802618734,129572.52769886405,193536.04004823242,188549.19688817833,219511.88636621513,297976.7442192378,176995.93796162098,773414.6421664127,107987.68826615336,124998.58539363908,72941.36952513098,72941.36952513098,72038.24222276479,77388.44709528025,83280.16596649835,48515.53785375666,80848.66587160496,72072.36004807484,50749.49030319332,51524.78156436685
398965.6765141356,525691.5998895206,446542.41137444164,217285.86690829694,303239.4121833226,57018.30443048815,233532.6771309146,138243.37946721178,743259.2453701425,164830.4648555211,199122.70816612488,350726.2112090732,489733.5462995606,159365.22819366888,126904.01839339323,69539.53520496172,48594.919151508686,115529.05684041066,78038.18744241579,77943.71098076977,53142.99192315289,57504.330023397866,51712.916082204494,71241.58591101131,57415.27714457707
358516.72499952576,355782.6811499239,205838.0631947593,237178.0287856153,238974.2378265923,230916.9072056302,202707.6022723981,230441.0516347494,212444.0455226208,203411.47984269005,107125.84760023345,192366.0364195209,160419.7551839858,661665.8985705122,128377.40475177905,166741.4580999549,431404.5324491699,93259.83384514035,95549.5070424785,68919.83119082563,72739.48911401653,749188.8138720766,72080.8408252265,72789.73623686396,61221.23822184245
258428.58022325562,278373.8746097582,246009.0163302021,302870.15354533313,276538.9118879999,252918.66791949017,235422.4610112733,190936.725720238,176536.74881804403,159864.53310792637,447864.34236373624,167354.19316009738,90405.75080474695,559932.9329725847,152780.89741183273,48594.919151508686,75068.13667118164,87934.28409305705,95736.25431951255,226567.07910325838,51264.47365743999,643978.3788174893,99576.94297407413,60388.609607158454,68434.70548407476
420620.6390719663,382849.48695780395,280604.6770553506,262090.24131070374,347609.8503931047,201521.85637812314,256608.38333791765,210679.00922342765,178294.95935637355,154422.8959301883,132495.6860106246,73769.80283690512,200660.87155215698,193050.27055336564,230054.63937075573,180338.77559894134,261527.88556543237,82834.18503268703,70895.47315842104,64024.649597157964,63958.32592596421,80084.5906608135,48081.146910601165,38201.95510556309,50629.15317028498
157290.17415894128,322664.79997135943,410108.8699079609,491617.06825702643,260600.77046180482,148010.07362614534,276170.54302229465,216700.34745705352,146313.26301690398,202055.859860816,142158.54598910882,151194.95277984327,151816.4246429312,126852.23183011211,892246.1281594096,85364.84042952693,653767.3394145358,89142.02372720052,79552.35747736691,51054.46572943997,42566.59036303275,79280.63082719911,873650.9030106944,71542.41969041953,44945.00667092685
158094.0085639907,370439.33059521404,202421.7719440498,191798.02528343847,237582.76068839285,165363.09065199108,330823.58892388665,57095.75557081523,187231.8419401619,159333.03292862506,436227.97459117154,250959.9013353134,210520.4389366999,186619.11453705915,146365.3121710532,165932.86123876518,161404.2513984451,107695.43552199678,82312.43350369312,95336.47521217453,98411.0280415605,72621.06558439512,70559.69854486425,33371.15002325979,81441.03352279763
348650.32809594576,289917.68731258006,210344.29059018652,285267.8438859555,148010.07362614534,252270.1872374612,244071.58471270755,61133.20789714804,675460.9632048741,172859.03481706005,905140.9808345359,584467.7859860497,126652.05596226992,1028349.8801665681,61258.25167162946,615053.1175286631,80730.1326909497,72576.26363769775,88319.78726278679,108826.94957947117,74640.52685427586,73847.92659126261,430947.9295049497,42605.28098792865,51645.98004041175
268184.4036258551,193647.49196579322,243016.43895209738,234242.65625776828,231053.26753807275,207741.0469237584,166788.72104163415,277969.5961745917,323809.90699356346,209199.31611641136,165346.08919547067,66734.74517496052,124532.91149574377,500000.0,171368.27955327462,41150.66523554253,103059.91956281448,107068.67505595063,100428.6175730002,92823.32467762087,57718.85141674365,746555.0175241542,69396.44280060916,72080.8408252265,54846.88704147708
238426.35989943668,398811.483539129,272700.9983051226,238464.73229560774,249293.10698421253,56379.51477438012,175513.92775200395,144256.4159979236,289935.9019089852,500000.0,105691.89270005736,72598.16981375928,120253.00637678354,997660.1172290562,652668.8289062303,165022.80569963265,82565.41368473499,83497.3882386843,812701.0821105258,54495.71296901189,831818.4818715571,70074.61519395982,76948.80117494077,68242.22197810562,52286.837741098054
460135.7103027201,1024873.1182593105,956513.1665595967,316207.77277893363,405178.1621108987,154708.87076161482,586529.0802667968,178586.07218002543,202592.95830917044,56699.99840241323,136719.54983113174,826111.3791212138,137552.5951930942,635759.1534998382,146490.58077234222,187591.79990686884,101253.7653060322,89615.68442656941,241227.5907441372,709432.0250309936,83893.68221905407,76113.6575339653,292949.0901235095,67009.79132974563,261502.34367259062
576347.049444152,315052.60807761096,170515.62559939097,173747.79795868698,160538.0435298588,155128.13466081864,212528.9032238734,161499.72567251124,167988.38002624424,130763.48857334624,166289.62325436732,162733.62752515552,87639.82016279717,262077.66444306198,185177.46555251174,209249.23031545282,150913.2295684784,44405.55637133277,77055.14941478774,89636.43805809974,84256.50807733461,53742.73341706193,67196.00260972494,66087.3546977623,99357.80932670418
299342.8694549169,187692.04918736668,299980.9772450557,396830.87992494105,285066.339868551,239750.29661817238,256797.1686444331,223425.35836787533,172163.90586255002,136089.58113492338,117777.81769571743,53363.988995341955,154986.53732292796,143432.46517217375,770491.1075928682,101450.63517738754,103891.80315469892,82038.6179733714,707037.4427734893,71172.27330828327,90171.98296687908,98908.2209903333,666061.6229017158,76498.98974883046,67720.28078592547
482796.3360217288,739198.277065502,447061.2381087707,224203.87639633977,192124.87744174656,161062.8737213058,248242.93346421805,177342.97758690058,262024.61190393253,72027.01395350651,62012.011358291726,829090.9076074795,167018.3902401887,127566.36540080406,424976.09849615884,40371.377785450204,147581.22539425446,98507.65335995515,69677.95985280756,83488.31553048614,97148.14162240707,49113.216132702146,515480.7167002748,59372.8722899801,64849.68291835874
689042.8455341468,238426.35989943668,246350.88130544397,243069.33364905848,185101.7296974032,283879.5390462431,252421.1072616151,202029.54366899992,133520.13762250572,213087.35526073378,118393.87031718969,150975.38190214674,130099.0840768034,216077.02983719818,667475.2191952374,127619.93772698214,89151.62164566596,92985.6758319078,39643.48523689178,70726.52763969099,79763.28716318251,39399.56153479658,74350.12893082373,765100.2937588127,42494.334670123906
297286.0203869986,101664.01954375065,234988.5299056421,241265.81594116898,182754.03551666992,500000.0,146572.4181254747,174759.12770665344,161289.56852659452,661730.8054155831,232485.02496763074,413316.43167485157,171948.17389800202,96424.25069498447,175727.87742881535,234293.61672358736,160216.6007762201,57430.30381595642,624675.7387489513,75804.39545672525,283648.76846421324,72332.38241892395,83444.97943458518,100585.7225728039,53793.99154627707
314081.3363549729,482563.63864669675,231878.91760107572,235505.97387087566,253458.18616425863,107656.28818079294,266362.51170423144,250521.22977657255,169443.07293422005,160037.0117089334,78956.246742867,314229.38185530744,231764.31630655198,87777.18148113517,156748.14868075273,207985.67731058196,77842.85410184562,79202.94007963763,85242.02871731867,80186.61504829419,59129.65630911107,78608.21821841713,41466.713147320705,787117.8873895238,68543.72279314522
480289.3018845001,182384.00497161143,248721.21815689502,316362.45626626984,248651.44040228965,137431.86699544764,230221.47590789857,77131.66610441584,206957.6520111084,142158.54598910882,144971.34848718072,262340.6411361204,256196.7390372869,393385.4676476065,146750.31952692757,121521.91484007615,173442.9815616716,70589.09660050829,82826.79256600603,77919.34870821294,77673.86516363107,73309.60681185697,59825.34201416989,48392.36080344679,69560.71935405635
617663.5020628113,323084.4463481129,366220.86444054515,270646.12906561536,296207.5093303711,288456.44988520007,161514.7156067675,182252.6762333755,1121945.2766263615,177278.0692077108,157981.4384710457,177259.4764339612,500000.0,1000100.1204551349,161330.87938012058,136825.38128732445,56776.34691638511,64766.395011550594,65614.45624963778,668641.7449126029,716205.5358311017,92254.52475168227,80685.3315599142,30157.005094614757,72549.49024576273
616681.8380953961,444753.8668784655,281255.23403838376,234999.08234064706,248966.4032648335,316446.67968822754,100707.11544430496,101074.24708614375,327114.30129204824,155410.6045651973,132936.65244301522,114925.3278146894,141963.62610541622,163252.23945298503,250577.81386549835,82565.41368473499,179443.35044434844,93878.20731235544,35496.34076159577,68874.44921704021,75042.2638089162,63668.12570956746,69530.61415063405,78269.43018425173,103862.49708973081
757052.7463327039,500000.0,340202.96939194103,290063.4999239874,390601.79422439955,252892.1359747814,889727.4855832703,156385.65606748112,197175.61413701472,401528.7950314428,453745.81082208897,191433.83172098215,186853.6135537469,161552.92646139924,63282.25914860061,1014322.9699085723,85643.40288212015,68712.0750873473,210996.47924274957,51674.051587387454,87043.7665023622,42768.42348548157,410982.8427264281,51819.195785497126,83858.92151938172
473256.92413353716,158528.86056278576,278836.9360161848,132424.1970054505,419062.005700265,233397.38311485972,317993.4789205437,133145.9194995977,175965.6978400147,145297.8157405224,198150.42844615993,186230.03539766173,232916.3040668277,158116.54587929015,165387.3386647303,688691.6308508683,156916.02974655974,97128.22278031614,77783.44483038425,883432.3293370574,81604.22820179588,69300.93653236213,77424.32514177961,500000.0,255183.86249348996
400808.6003445622,542041.3553609021,279887.32099331974,302673.857375149,238145.45384735818,248319.2759560353,96706.35827682035,274770.42330444534,157436.94091445065,163622.45810267242,421112.814099477,117261.71323516042,159134.13488201392,750201.1272447001,96179.30639036314,179136.9279920293,125513.78916408631,90290.22011982006,53690.38002468854,45490.76942534314,70772.7268201953,70947.94576722174,89161.47234301732,73159.0033044683,42562.7569678123
76134.25593382503,405768.7215161708,267213.8479743338,300554.7146625953,249036.7187934693,239823.91789668443,179748.66301767988,164499.39595882842,157381.4000667312,206957.6520111084,406056.033289158,157419.95281100718,276406.2024351158,510043.8878524159,117707.29716866442,76175.14617144954,109190.44989560863,87043.7665023622,100705.38835102694,67242.6400426201,84829.2160795478,79495.85146358336,87152.81543451326,87425.41844364957,51811.19799388847
285865.8915043733,281356.43987053307,238635.39071346621,254953.1963513532,249417.0627505997,632545.8885387604,177342.97758690058,563155.1369082595,184931.53145082438,132495.6860106246,185998.60926877713,230964.25624891795,141033.22850737858,90405.75080474695,172359.71047813626,383378.62558128935,92093.76872141557,89617.00513077065,83078.81059587498,56893.596162468806,30637.50815915141,97342.84960643621,40573.289849291585,58527.63488797597,90383.75356977465
455624.2279948253,334412.21904342383,238904.07497733305,214457.6799136825,238425.11887844745,131853.90273846226,219016.94893024984,239626.90456242883,108162.10723509389,167225.2634071471,164773.182223234,416991.7155594698,154467.03262467173,122215.87817021846,234292.0404361463,780758.7187907732,101414.18972854875,88985.61961753244,60627.025143616396,94962.70310625248,81200.53728627993,261493.1815586008,41952.973261289575,39617.240807919196,831270.1810075325
669761.4679979428,612889.6115332597,603318.107464121,448247.9263349769,250629.36175836556,246750.45800471224,267170.5231832361,127231.29537841685,229963.93153519783,169358.3975654348,72598.16981375928,691446.2725284859,215264.3414595073,70143.21876266674,75189.05268120072,95899.19880787336,709644.7668844252,35496.34076159577,528139.0403444591,85654.71518223303,987697.1771187338,56827.768943256684,73753.77846501919,41466.713147320705,39872.82800767987
291797.8131030594,321957.068809203,270187.27768162347,425487.79634933965,189494.77474860864,267999.04465139285,160458.4419241829,159478.62340454716,501302.9088200683,123372.70894250096,135432.3403651735,168017.3788774505,227951.2557796032,521222.2196694996,171439.6016643695,88300.90993008326,232996.4237527405,69397.99460589571,55098.764177067635,95736.25431951255,100348.90120789793,87776.80117220314,77388.03239071302,43607.371655150375,68264.19396546435
314449.6535590956,309955.9776755805,343887.9846297862,238635.39071346621,197993.1590870274,216616.82589214947,249130.8422580015,59789.93573250517,658723.3991717628,170757.80327709316,213898.60176210254,155377.12892924628,1043318.5333794991,216550.77666474512,107833.05917283027,181534.7643147814,1087173.433259839,49408.65269074423,82880.12345279662,72038.24222276479,49346.50498489845,80624.95392730889,70903.70277304764,55004.18532371749,60456.64643561169
482563.63864669675,394487.86056790024,246178.10513548704,268500.01625728706,235882.09810728664,252290.626033312,191947.37391181942,249248.33151741937,204720.87362918322,154237.9059412569,185019.94168808655,401217.1040557684,205911.16958745715,237553.67126158046,159582.18476120668,172359.71047813626,349133.28672065923,76427.94555449691,77038.7495695202,1074730.7835606828,69032.6869699898,42566.59036303275,65866.38404003804,76637.60547221702,67421.0512379316
315198.424012708,318564.3618946863,384022.2935524895,279409.9878886767,500000.0,192124.87744174656,265953.1971331654,172859.03481706005,178106.27487971968,176852.43207480165,149273.65946138883,146490.58077234222,1007890.408208895,104052.22704531418,142010.80053395685,101962.22597429628,111202.52742030242,68336.71881029474,87796.83491482079,96480.88996644231,49857.274156774074,473522.7443168639,83496.45663727916,94073.86435166314,43630.70576440888
1092192.4765119439,381401.8448077305,304268.0653597852,152269.28524216215,225444.33769369283,169388.65415243787,55157.709911701764,165111.84572239098,69696.89220946221,1243688.9554300904,198623.79523886694,153403.09597722616,244783.53329909476,154262.05436532508,41150.66523554253,102631.24814347143,151777.47407249798,103059.91956281448,108254.29017630329,45034.28228440819,80787.45598686486,73604.65999457013,84204.71953716029,223695.26963788865,47487.95808887512
1162487.773484705,231962.5483667829,381401.8448077305,277792.04324242094,337579.88901662274,500000.0,238023.2641726437,222511.8004458685,202055.859860816,501718.96168340114,174500.83664246622,500000.0,230293.9457321675,182872.59103974327,187889.97658274707,138751.5943296848,159425.13731854683,111202.52742030242,97746.85578507863,83187.12244827786,71428.13948474317,71661.24532884557,59314.8854164449,77265.72273903029,71495.74621691003
280953.9470980094,246178.10513548704,292705.9623322035,233549.2973338191,258424.93297618686,254953.08376388074,859329.7232927522,598091.59818444,253235.08779971677,202274.21343911137,142104.90593636356,668183.9060610428,92114.33294164689,156491.89905646673,109746.9656808094,81262.6181466806,147550.18542547815,79087.55553676578,90645.46602596794,93156.21990404744,67009.79132974563,63515.04499635594,68835.45691085966,75607.36924965386,71476.1145787522
1028546.7874253683,353617.1844024418,213812.01468229917,260295.0446504434,316078.3428836565,285564.2896599376,216694.7505848325,197667.79328220958,242572.61001279159,274229.3511408741,917079.194579006,138174.22519803589,500000.0,158199.4135447254,86910.83974334395,688682.1474201251,68336.71881029474,176873.3420349651,72998.66589221594,84850.6023757798,79148.28918639672,76063.2521481386,59784.64547518973,82202.71783758595,37905.701757399875
179846.64785375044,339175.75767213537,293629.69075225526,252822.88079910085,243069.33364905848,169955.50197741936,119120.61986946357,734890.8955298064,173557.1918689941,259537.54416710854,106948.47961920282,138081.9546588333,231604.38403287812,121278.87244240202,1155248.9927628117,190602.49505036257,69134.39940014179,86598.64823475575,93142.27960355155,47043.99994824149,656289.8474990572,58475.59170646734,57589.91759000273,91184.67232110663,86497.54197199969
343078.2458424101,290428.46435267257,316246.03892233147,286830.05233622924,61536.94211598608,155268.2146108792,221325.7756281186,214642.58317479258,135432.3403651735,158444.78243445483,181453.1328995594,97352.50584504436,144655.86622733687,166345.68602197166,822364.3940230878,107833.05917283027,105278.97047898328,73827.66706421375,76811.17869900994,38999.7337449761,77895.66253991812,266362.0782603787,78505.01149803471,232546.50785644745,66811.49851913897
260833.22756721324,416098.0542354546,453981.0725779451,240663.94592944646,175513.92775200395,189494.77474860864,207415.1400689007,343983.07122675015,159019.17718533444,170937.0283325833,132931.07301362572,121618.28224571893,233460.386810232,266922.88494601316,184345.78162500967,165210.1936584129,82269.0877197839,65564.31393448784,33085.53525133393,71439.44150951899,68534.561790877,75888.45212637399,57775.77715147513,829464.9345613038,42605.28098792865
424565.3757002447,379941.1130279199,468574.8093094436,228690.4447094435,154122.99741770615,133237.73924922803,384050.0829677035,265581.11641229916,64132.96437415565,163702.01048294405,117753.25534555317,114161.41580386125,205387.94949092623,121579.35362780766,125532.66287304637,72109.26920027004,100813.06444406859,237377.05975135067,69032.6869699898,70720.36023675118,96097.17185061294,77895.66253991812,996299.9445435624,51712.916082204494,341711.31468074647
211609.11448152445,417065.58954284043,216454.22209276253,224817.57214740175,118573.81899211142,154122.99741770615,1027549.8429782507,247237.28618845524,203000.21515565267,174465.18701188592,515605.35412355687,85554.0619916473,118682.3583528726,216077.02983719818,177022.5571411882,93925.08791612575,397378.2505849443,84700.59683761964,73383.36890948302,91478.3608686805,68874.44921704021,53142.99192315289,82281.40429534702,72777.97155040612,55192.107771520685
234785.76750570408,170886.8254052117,276463.342787544,232418.14443812403,256340.75716791535,178687.99997546422,157351.20999350373,432559.23548088595,259876.5064340565,173038.6895919887,120911.62139077691,122439.99857611588,254829.29656184808,151425.85707155595,100813.06444406859,196184.246031743,105042.56056456364,57970.25445734825,177932.19621254518,79815.36248385804,55201.18184773709,76613.77359814357,58391.0372790415,42562.7569678123,73159.0033044683
290181.4616546785,166892.3052867069,293069.31713082595,221870.18839512614,807773.5910168554,214024.57089813083,230664.57627517267,501302.9088200683,190862.62952634753,188203.723638268,163898.298560588,162100.20925146027,100666.54864162048,123087.94555359196,162463.91931732927,731121.6222541429,152423.4764452026,223920.50345687784,147702.24932449337,90203.45596338296,90717.66025624615,56437.278558594124,51623.193160343566,1066548.885539718,43843.377462101234
604279.2003126001,268184.4036258551,302673.857375149,163098.49568346282,214024.57089813083,290810.02932965825,598091.59818444,149242.237193311,167945.63558734645,500000.0,178682.02487743474,189094.8557279509,73629.10141796386,149639.98558329468,744049.7379569061,175151.2677296886,381273.9711104092,402186.87260698073,86790.76916364668,260772.80526219934,343629.7397767101,78708.28861661926,56536.48740258803,69869.34572622234,72789.73623686396
528180.3389483991,299102.53052181716,273224.32247535576,256965.8316541717,171814.1974540064,208386.2332508614,309423.100602586,249615.2055990143,527966.8122212284,991683.6117994789,193421.72834868293,142696.13088068966,71321.22727758047,200141.2308169037,145940.70467942988,184110.29532780577,77672.9112061652,692611.6308379979,88775.91322520902,91462.59896115889,67881.74736255784,81299.37670511339,57843.552249001616,103502.26460365139,53675.0193197134
386280.4798158342,243241.5529259967,377627.6924329698,430752.8000255022,323880.3840404686,236477.00601807373,265581.11641229916,500000.0,120780.38155806315,233020.3449691464,1254984.6624808018,246080.9232719382,106935.09166379466,681013.5663958528,126305.89901880735,211797.79705077832,178298.92831989308,150231.04625719268,95580.61435998407,71780.22494368315,885597.559380887,99356.65762638536,69570.5623873543,68705.54119311037,99647.39599522867
518707.1324628602,122177.41297937345,257187.37935974443,282684.40698811837,303731.935212984,140127.04063552566,249106.11403822977,146902.89566114778,105166.33848821587,235391.20596436257,440279.54559313104,75705.08468015696,338130.39448070957,698126.2080447138,161461.53544325507,128517.84560284474,98899.51515772428,79841.24616078835,77293.6741159083,78255.0537138709,625835.6515837898,79494.14027952889,43607.371655150375,67626.72984507967,259610.54133021855
372204.62274406856,317004.9475985692,500000.0,193585.82505758828,85162.4346217178,423289.1816186853,137344.47542450507,215790.1452620064,233020.3449691464,136288.44388258897,199705.66790660616,539425.4793734018,216077.02983719818,71567.70626715274,95112.4456563676,46822.52577021037,86771.40684768888,78703.93797027747,87800.42585319508,170272.9090935946,89862.43252640577,73958.32954936406,68138.68592375083,864462.2600668586,56552.3206671409
698930.55879933,295060.88712649676,422515.6571945546,403318.6988139722,213198.5369743765,707262.6658808094,224639.63205790432,135289.30783430807,162799.2769376741,198225.66945752417,531368.3693875029,941749.2478056317,713626.6581324505,98676.35909517705,176283.87556365656,71895.42983505031,140202.3810953508,58057.1365049033,69939.20759588675,57723.773002224094,76072.20654884944,111628.65846095595,80765.4670985011,72777.97155040612,49077.27170829576
290032.426017923,348625.03095033026,348824.7350116397,277791.6812608272,294854.99769579613,237641.74673450063,285426.52401860047,231759.10916417732,148643.0024659383,1276255.4055881996,192500.39125280856,149795.84081523577,144099.30304167647,148277.5293740789,43074.15276304444,159582.18476120668,126904.91301808304,78082.84040133683,333468.8841552117,78264.73683895226,76294.25191287416,65546.04853552514,61642.19010153785,76091.55882670244,96331.77368375448
584332.7815444849,319492.4464241866,531283.5228653383,225260.6005546561,500000.0,251327.37931956738,500000.0,108901.0998238753,179015.53841613207,274087.8774185066,257392.47829950738,62391.29801935535,164943.47709427218,233460.386810232,211687.63520992952,92093.76872141557,189774.72302174065,116306.53847740131,57970.25445734825,89643.13015615751,68234.8697218611,67991.72233968848,91203.3606530487,86892.66180145573,40158.9027434928
500000.0,412134.5221034969,315259.5109409231,339978.7449205008,235078.2669905216,246332.4901790223,207933.4026548598,1005199.7950864068,160385.44153572776,153513.8752519648,157499.00344151378,900051.2348319723,156146.47472685663,157888.82839596918,216336.12023008266,99761.5755622899,161089.57973531447,90001.98888291491,77038.7495695202,659845.1361826512,77006.37905221008,79302.09897613603,67096.88513340635,77895.66253991812,78575.80994867084
415811.5328635885,317556.5946333544,479496.9824065601,352449.4409615823,257741.9130272933,237921.56954471848,61133.20789714804,162941.5944177694,142158.54598910882,78095.47074080806,191101.45993267107,180900.97919178518,186324.5869617437,176063.95459457702,92702.5284677757,100813.06444406859,83497.3882386843,52447.30979547283,35496.34076159577,79720.02769496976,71275.86192022779,75937.22257708691,59055.770126248826,80253.8553144109,74015.63787438856
348625.03095033026,313099.10758266016,189739.46853884618,164302.50592366097,312250.8443085938,141962.86961305962,187318.1043569591,202694.76300290297,203916.445888945,782857.2969529948,500000.0,137866.6401592896,188840.46428429688,162223.5272994729,139075.02566355054,255931.31856006713,78703.93797027747,85049.07357616107,79177.2195889753,59985.04531660334,72425.18178421073,72015.54012313134,91305.7382256509,71098.11971964105,73159.0033044683
308928.6146685527,148705.73793303524,275282.73457185976,338324.4566934862,500000.0,140127.04063552566,242682.21691578836,123979.21899702925,172859.03481706005,196546.53774765754,63485.9784453772,159365.22819366888,40643.88618759317,127658.2156535086,208308.6541930535,805592.6294003861,122676.86279269349,74290.2221283399,76316.71073397396,103678.47992087406,66626.22019850055,71224.47915517856,391749.1113301961,80971.67897360866,42562.7569678123
910929.0459840946,468451.64517573244,274201.5072470143,241130.13924766867,261772.09425644277,214457.6799136825,65991.80953241234,173245.68125560263,159340.05439412946,106331.87082063149,115372.11992791184,782221.7683279014,169987.7555042544,186230.03539766173,96424.25069498447,98724.42942799511,65742.05596646875,101253.7653060322,48594.919151508686,195629.13244678942,64029.46690840089,59055.770126248826,170014.65649940592,41154.75271379114,46419.96108384125
255400.23985239823,284112.39201032073,277203.02413728053,584764.3430028439,137431.86699544764,60038.02676131242,222651.34210223582,135505.53335723904,145713.243253882,132788.5151871264,155202.0846531398,155327.07732811547,711831.4574221532,90405.75080474695,135205.271513175,122981.61385617708,58108.40275092784,142074.15841292622,70720.36023675118,40555.19346561568,70226.01801350823,71762.8730269436,80396.97804564514,55645.292739698474,54944.57692416595
472356.5040782935,382337.70509287895,170886.8254052117,61784.51359052962,323013.4119638138,285096.93886894314,161062.8737213058,515267.96892911854,136563.06318294254,135432.3403651735,117699.04015529773,196727.86287724753,292812.31630319793,775008.5048784115,91034.33308504777,132398.98771742248,81481.17960590406,83497.3882386843,105027.55780482778,56897.99794699374,77433.73988784154,84813.89819553775,80227.94354842168,306814.6759338941,75179.0495171658
322001.5798458343,494953.0718202655,389194.4570902018,61054.57543368357,709600.2978267751,280235.1135159415,247144.286737176,468253.6593545622,154586.70066025475,125682.0306151285,130763.48857334624,108419.32924464685,697043.9888172897,48914.71662518835,123305.79788300538,76172.09436978932,127023.2109528597,91706.69616636775,44405.55637133277,1040634.274023087,906930.5370461482,65574.11567250322,65866.38404003804,71889.10443632015,58582.50292123176
408904.74400917604,225952.85658527797,383239.6873278072,289758.57281006104,214457.6799136825,291217.879826408,133237.73924922803,61684.546116040365,302792.0029101105,547369.3429075148,235191.92236048257,102783.4570982048,151212.98960998587,646012.2639547107,69606.52836235295,83976.43347165597,264794.3698426152,52839.668744862174,43260.98255923278,60796.83219846833,87302.05604052734,38417.269221874085,68930.02672746858,204049.15910560804,55615.706502113106
741471.9064696657,349709.99532372295,237363.6366388345,246350.88130544397,281853.27616732125,161677.70319338364,179180.96451423265,787643.0230154851,43990.72085565477,233420.0180144216,675074.9100697482,477542.072115174,158907.01503473026,152060.39707186166,32238.20125160205,138537.10192041,161442.55472350374,89230.62973650644,91492.26812359883,95576.85382535495,60375.812597513526,63103.88611220411,60433.91732297827,683207.3271780098,51817.38114587245
619416.0858857408,348625.03095033026,288763.0453785089,295647.9806423761,236003.90655722047,234732.1062260981,86975.06576915557,232399.98364102675,78385.73756488183,232254.55012977525,152203.512937453,423303.089050457,869631.2893206779,308455.3970009926,179954.0100874165,92518.7970647912,83877.3137871488,128923.3235227905,80192.55094551292,939207.4146080503,96314.90047744077,54078.01509580722,59545.661011021235,70322.66606547794,48857.959409300296
467914.1581668657,156481.22040911057,253246.05305103055,254441.66791510634,174257.4797831971,115661.4886811776,226416.92793798188,225117.49851698632,957645.1306646566,161851.90873725322,181949.7241933518,500000.0,936528.319588622,157470.21729544376,152776.5357512557,188834.1397722612,81422.14618230563,54062.06907036093,85435.05285011744,259841.04018470948,69967.94577278417,500000.0,1155807.694558421,72812.20985149755,68783.40052608703
335683.18188657484,230320.70644656604,224817.57214740175,248651.44040228965,296265.215648544,256638.89485945858,227094.7519857656,174366.9880543957,193717.9463804122,236906.11302006448,156327.0247108041,1351719.4295340937,497611.15100751445,134450.0431275216,173976.51725133625,126815.2053031116,282496.4628388496,122965.74926667043,106184.01264950578,78982.62347366771,57970.25445734825,70927.89086528962,94668.74439544832,76424.75223202675,77733.47906684293
369353.2942320447,321635.6970239877,165372.88583775144,337250.3166768699,692863.178160233,415498.9859143456,476053.44668946776,231794.03872527037,183664.0859811715,148467.27230231726,69696.89220946221,132660.4002189451,213516.10544827988,81426.97891924783,166533.78690817434,81426.97891924783,691101.8946564437,76427.94555449691,68246.50877424193,500000.0,91361.56921292805,814864.3958352305,78539.80371709132,57408.042127587905,314557.2823406988
728033.8624806606,294141.79560509627,237938.1660609108,260050.58397314989,237380.7588983313,238974.2378265923,210926.79964500607,102942.06031115438,76206.5310536086,212444.0455226208,1017505.1095731733,226141.5718231152,77255.14528841527,456758.8967888735,151937.25726928908,95448.20782126817,82398.61954434964,96629.41484090015,665076.3236858133,500000.0,68859.14486974827,40573.289849291585,68617.99402183558,59234.510449117144,65426.69950055894
500000.0,667423.787685457,327002.3762997296,189586.37825525447,246977.56677896887,188448.78636849404,60038.02676131242,233020.3449691464,224325.5090637951,159858.25213004078,214197.54987477575,135527.7766487709,102589.10698533541,163956.88768506018,95899.19880787336,78767.78579597808,84201.2576232742,89807.77592420386,45109.18736169305,756602.7168702633,115392.8925190347,69525.28350772314,1153396.996683442,68930.02672746858,69184.7951895496
330789.2323416504,348032.1797541217,256670.29790738205,215638.44362693583,308360.4308718407,249293.10698421253,500000.0,174010.92854097582,261153.07599867767,69696.89220946221,143941.7021277453,251474.48100398039,193635.1152666636,177494.27315850335,230296.16344630066,52138.68072513696,79093.92115846984,86400.21002352414,78112.53398093487,76511.06053946854,51169.750254959254,57625.28901660898,83572.35298053783,77544.58350957668,83838.24899936464
370476.7607343637,336195.88824615075,157687.4568058587,210344.29059018652,261052.36814896594,225262.71064103034,215115.04040189803,139809.5255270782,64602.48176313003,175501.96122971008,195224.78297652444,476000.3643968092,179323.34531258928,255662.45281578013,607988.053797281,170487.12180672045,133714.8304049714,61929.600258062244,72779.9308475961,110544.64103377075,92823.32467762087,52682.120338121924,48730.968750112996,56552.3206671409,74621.38613212663
355896.0759017245,426753.54736941354,252342.25294961937,381711.18138335785,329941.8327059148,248811.10499161875,285409.2476370323,157351.20999350373,175306.1841514958,114886.37253163994,125878.23571981155,100197.13068818298,163252.23945298503,124192.04099079451,188833.17475193716,162127.37866054924,269900.39387521235,112664.81275646805,500000.0,69032.6869699898,54407.127117078795,60486.69913163575,71661.24532884557,49016.072797412504,47080.045788413176
450694.7506260645,151004.45488652855,393408.7380877831,315226.1570306015,960473.7282250347,247444.50751846994,259687.331969883,136611.3808010026,140973.02161024167,167196.66043902928,161541.36146302364,263481.1623614485,174604.70087507105,164943.47709427218,590735.8753287913,142074.15841292622,105669.90601278671,107566.42795639392,841302.6573070078,91361.56921292805,79109.62787087845,58301.20794450898,57983.46193759874,100737.65198553485,70782.47571555375
500000.0,336446.4926557742,281018.09477082477,385576.7182870407,224796.90253474886,283202.804558033,325629.0478547944,167601.8605626279,747950.0735664886,1191344.5620270544,162808.75928561273,259919.73101847817,113991.21955577961,100340.03826180202,190913.96212837944,80480.23625570838,199562.86912760898,89886.24598389225,74191.56711399369,71853.86665015572,73439.7661185509,60462.8296073496,77895.66253991812,76126.82822580822,41608.77958498076
437350.02594754635,494719.27512252843,247113.555719243,302193.3815748257,625349.0553574783,209083.0789534413,430523.0560920746,129560.93969707044,221574.9502859527,136563.06318294254,691916.7231455022,90201.9104007644,84864.76338526286,149954.75013382005,211129.89987179075,224558.3015344628,74524.97535102905,93137.66013233009,72038.24222276479,87606.23159639935,81952.22754357017,329336.98301881336,72777.97155040612,81954.1035360599,82477.7623201396
339301.7079438675,221027.76058668032,370651.9042277825,270187.27768162347,235613.0816167118,275479.10270639835,172879.33581556007,242261.89404531443,198225.66945752417,115003.25848279969,136611.3808010026,277549.3107335255,216550.77666474512,120708.60085553386,121521.91484007615,45870.63531183791,88372.01636814013,46739.40343085684,79170.5928507137,80823.99339804212,33066.20308006363,71422.46893504498,73222.3098226683,109905.17832380098,43511.29154073197
148705.73793303524,213812.01468229917,253767.2937247235,425135.4547731806,263609.3441234544,236429.56408119877,238935.710651761,234512.6377270926,221832.17627112876,174745.3660663801,438424.9639060593,177869.36560493117,703574.2157180349,168624.66092450265,644225.8589246005,92176.41762519369,67724.53126646395,58428.39476038677,90508.79325550958,110966.80896326534,59154.43607753255,58564.887184564504,77248.96751084588,343549.79448008945,52941.8852465205
93357.47234288813,299830.01913868776,500000.0,86413.18528178416,381482.23583027255,278640.2428307473,248048.74972855477,250984.59790748765,244964.26743305137,212298.7285656407,115198.78244626365,155678.91315897595,367313.9925606879,153683.8922581778,125378.59411239735,89795.26687415282,95753.48711012091,313247.42390092957,120282.02678131325,76316.71073397396,73915.75079733963,71687.3480389754,108008.02725566045,67701.52762762613,79019.60305923413
236594.18971296225,235019.45263097805,316207.77277893363,290786.34208453295,373968.9172391324,252083.26580687574,257655.17885360995,191410.03390112225,92780.89902481205,111639.78448010108,126475.31546173693,116807.04821493315,467992.94489218394,92762.55669444619,123286.03654816494,109190.44989560863,88024.85323104012,220013.36538517062,92060.19483003393,72276.7135925323,67201.55106289267,72355.27616273548,52129.331179106564,75154.19344992444,71399.37639264314
563954.7311961596,260833.22756721324,517445.17026732076,338374.66488568165,257739.42344653586,262491.3643394746,200473.9942355516,160385.44153572776,156252.1998555869,308718.42904277117,81774.52266150404,104513.36768233073,62391.29801935535,93085.30142757129,114280.02313731477,187889.97658274707,146931.21782901874,1004844.2410889769,83517.57983933549,78777.3791193438,40555.19346561568,82802.1760043436,70555.71036432145,55655.57339094847,82015.09740846678
500000.0,290181.4616546785,500000.0,668305.0112916832,140127.04063552566,152299.03102570833,159908.65846519347,665897.579763978,164928.88971947256,282333.3743737909,175210.33790305007,61500.6511487473,163897.2520865638,89165.01936108316,158495.75010363167,128508.98301019409,197992.79989402424,129002.41581793054,45554.1231263637,71450.44828520928,81793.1821934173,77259.11904116212,75607.36924965386,38945.59395346747,680834.8075502547
364733.7913102574,395351.31824562023,294016.0529133193,173929.2596717055,268581.1693874416,284069.9640540639,155563.3365184933,165122.65543913541,232043.39852187457,1007072.1424485195,154824.43682582866,113806.73161771502,127706.61591985667,231424.2856685897,223852.19385142426,85248.93826596376,72663.26095376498,141419.31739916018,914299.6654922588,59154.43607753255,83695.02426421079,63608.77472385553,673377.8216924317,73777.01607751132,279767.84705291485
352225.5192057502,287387.45158091217,370062.5518346984,368910.96583491366,242020.390122082,247144.286737176,57018.30443048815,86975.06576915557,112259.36584268414,184941.93844512152,108380.15127239135,58604.7323276666,69620.70641249242,146645.7317008535,164081.34427966038,152776.5357512557,87593.69977641593,639938.5747316338,95842.6376072185,41564.39298538436,53796.44259043595,56299.49803188145,65812.04416880062,77679.00513188477,85150.92744250021
1296602.7818188786,399814.86868864356,362849.0254936146,268500.01625728706,227460.77888715398,147422.08133524278,246220.872174963,244646.1609350429,187932.9620389769,177340.58175758878,124704.91379626028,130099.0840768034,61500.6511487473,169615.18022026186,218040.772351239,172656.44820621354,76427.94555449691,48594.919151508686,100868.41822505248,79177.2195889753,81793.1821934173,330400.0685746358,88154.55471979987,83444.97943458518,68864.73902184046
352331.3962696929,294310.02545656875,297635.8493137731,144569.020398743,65364.63861832477,234475.61638964573,176934.84670650127,177166.04453209596,591907.9833271668,995536.3294131417,313843.10804720846,608587.4203493699,250959.9013353134,117024.12713347547,771226.6382646014,660283.165636033,52808.84343467427,74127.71904250173,87043.7665023622,77943.71098076977,83103.07137973455,63361.04475468112,73903.34887625636,75154.19344992444,41721.27416829439
273420.2033515012,258110.6521610033,289073.6191608785,240575.88920613122,293507.37326895166,186254.87884119875,295381.89778564044,179736.9004415396,178800.3435912977,138747.38511106395,112919.78043079487,471393.3623708396,686485.4474129804,659943.1017695727,147280.2346660333,166086.01731655613,42267.82129975657,102865.0258477382,307647.1746631075,89673.11657160369,72038.24222276479,82482.99392003147,44430.019448409075,63964.986968744495,67869.51997586728
530767.3488605227,414154.70618280745,401781.2361302846,243414.56060645427,251408.13726173644,156840.36651262816,336369.12441075686,150731.59223584662,188688.74736312794,184035.92442633767,150675.96389534045,125878.23571981155,161689.84703906238,189429.8293680533,954967.2124250395,89230.62973650644,84187.038939307,88086.10998188562,103737.4259136251,114876.7837223103,67111.96466884228,78274.53601959469,65212.8660373375,46419.96108384125,72233.36969346997
339939.88317765645,390775.16646699933,231962.5483667829,281230.91063776554,245488.27280937368,175648.40096245025,151126.24011755694,337849.2876030729,166317.2291303715,374860.5005771495,167314.95498206772,104889.04040090382,731837.1754188573,161461.53544325507,164623.27388332743,69406.6791280746,86116.50640727804,102509.14987397459,74501.0254927531,89149.69646921649,68970.85759029663,403252.01095692004,66177.52836815223,78096.02708594718,60595.00819515569
462103.21433854284,375033.7764629739,234988.5299056421,273042.7070936328,287317.42528116796,704833.0193110588,153389.0708107133,252871.876458132,209199.65598953562,945083.8709727405,152710.9680494712,160175.06273910025,200141.2308169037,230054.63937075573,188834.1397722612,82398.61954434964,89807.77592420386,85500.4523277871,90258.95936647731,66934.0285303526,70954.48464043652,84204.71953716029,33371.15002325979,308930.7578534854,31273.050262916986
267793.2453228652,404669.8122688674,374577.962947521,250265.25080542974,262926.5023182741,234643.75089183898,156385.65606748112,181383.72324915556,159367.5586124716,754238.972151003,122471.58251532093,146021.06132182258,737290.430328062,165498.9853657417,183055.04604191225,92646.9760647346,84534.76779863687,69231.96376488276,86706.85185657631,76206.63354226193,73259.49285930856,72514.23592662637,49270.605611199804,81144.96972492585,76072.4392068134
361349.4888776215,304341.8506971117,180283.2694764962,246548.88293483102,275479.10270639835,129940.87622525782,136611.3808010026,206953.66786211415,150680.12997296485,134991.77117330476,244174.68511310048,139001.01637828554,157419.95281100718,500000.0,164289.5238167835,152423.4764452026,169928.63934807508,96100.92743265047,71906.3556676722,82429.08529856785,752214.3554095577,74687.39242873712,71443.9174086474,46289.43172347109,95440.80310299233
234649.91486321614,482604.183572566,143046.7381877884,281053.37294624245,240663.94592944646,262627.5901763616,144534.40561423483,159019.17718533444,274178.55658154073,158385.37897806946,151369.38847773112,157456.5911947037,155216.55145992903,86986.6449367102,252196.05304536855,86910.83974334395,86685.12228383582,41880.64414099067,458470.3925118212,54576.146561433416,47149.87599704551,71700.2221494457,60110.670342758924,42018.433978796034,64524.50681537346
219516.26973834887,547724.4273226395,284772.7286537512,247933.6882070388,257019.90668265897,227460.77888715398,210679.00922342765,219040.897553075,234512.6377270926,336393.0154782432,175917.87320783266,594219.2270104428,74446.44441733012,126324.69406570289,781459.7595370273,146051.90054239647,820247.0636275156,87583.97779511227,478933.4547496552,78007.77758904926,54728.27256375261,59384.899984517535,295268.0930385445,42775.97989107268,70388.93897998019
298398.41819961346,293386.96697925846,165941.80154673365,293069.31713082595,160662.94896950538,322190.31224729074,313419.87309834844,167130.59774272592,500000.0,92780.89902481205,131590.26127080532,223850.33742522472,198553.86957085883,1102429.3598546274,89165.01936108316,150097.84650075762,176030.0102477546,65760.26548090689,641893.7723736094,90337.2992973918,41564.39298538436,63612.10179601239,754869.5868745622,37094.70769164537,62337.00166215902
268825.21369919693,288379.5518327333,456198.3051504187,214963.5087812934,368092.3294166511,500000.0,618259.1719787811,125944.18586505653,729824.2531615654,232535.4389273505,162884.86688829085,100666.54864162048,132092.51070207264,1163500.991745476,124532.91149574377,111863.5988733249,57722.79046140299,147461.53442586405,1008349.3198717615,246474.13289738045,42566.59036303275,73007.59710508218,93137.7193269969,66335.56990061796,311471.5344836422
676009.0412068728,184700.0316398601,394988.77821377467,253458.18616425863,271951.590389818,258065.24396679833,147943.93639253126,223266.52935490187,244646.1609350429,97352.50584504436,162764.13885145617,73629.10141796386,123237.02990934538,145940.70467942988,707164.3603120411,135840.84546855983,1135699.9115664929,92495.25507965864,72205.72099696597,75042.2638089162,76367.62531152955,75042.2638089162,48168.57328122384,173889.68984479952,41281.69874498198
351124.4837910897,297205.0311523473,657331.6523105882,253532.34990020905,140127.04063552566,500000.0,222511.8004458685,677542.0808795046,162870.94630946877,136563.06318294254,121636.33387059352,126452.13643075949,173164.74633677746,95126.55811341808,229848.6009048764,94203.65262886204,253893.69458665792,88024.85323104012,247727.65853987637,1020408.173379358,72038.24222276479,67217.38258861317,57354.65343956914,81365.87335383525,55167.67269279284
397369.15893925435,268759.6248436418,369805.96891929075,336382.4298769656,135583.40697507455,317795.43554826063,208386.2332508614,528253.4165731053,232506.352022179,186280.97650078373,147452.33326933903,159255.11012305153,139498.74101024593,165868.1614950174,259189.03773139793,167676.74167677804,90290.22011982006,66094.70792767536,82659.59743683672,82147.10703350278,113488.03722639353,53380.42996661407,72978.53799211125,500000.0,68122.00887273185
403409.68204811576,210484.94170184882,290535.26054585236,270723.6223100949,184483.71544403184,282730.8157152283,205175.69247643277,161813.11788822385,235175.27603554196,657235.6046899335,776313.9078449261,216259.1086334862,226913.14596352936,999294.9986578833,233460.386810232,160144.10552787414,45870.63531183791,76656.1897316456,89149.69646921649,57970.25445734825,87445.0885510438,774502.1886880986,55655.57339094847,95117.93257978748,80677.27179802262
309864.8534131751,328522.3157757725,303726.3252844112,264903.2201006226,174037.60739859985,233010.01506856192,656545.8018584978,274041.6529740788,159333.03292862506,175394.90939782764,161921.96719008696,70038.20344792816,709363.1132920502,500000.0,113635.75788339786,176030.0102477546,110834.70101138834,129725.66434841682,95324.2029898284,71107.49565794379,60030.90527029822,79289.3609666501,69525.28350772314,71661.24532884557,51948.218523707765
288059.7843432289,304268.0653597852,372211.3353630802,247784.77221893272,274016.3644844928,157504.6979213782,260993.78858923656,500000.0,86312.23762559093,220687.4141224433,108419.32924464685,177610.6643199877,101873.61608652325,398679.544531527,853683.9993178465,146931.21782901874,84475.50467321393,88786.80040688807,71780.22494368315,74459.62616768802,87725.77607250339,104637.18811525239,71833.0356490516,54383.54463253166,70880.65533411311
396699.442364118,175513.92775200395,252380.66342165452,269022.04822485335,248126.03085323639,252547.67521084886,285757.31986873195,132495.6860106246,177342.97758690058,242750.7270659827,145296.62905399868,186324.5869617437,190284.23399538768,74824.24560782775,165685.44865595104,160709.70745256235,86392.47953480184,88319.78726278679,70895.47315842104,81158.83200654079,78463.7911135994,89161.47234301732,500000.0,42768.42348548157,79534.04926762318
302939.979715314,472058.1322357778,317616.9828508518,246333.96519462182,232546.18376479147,184009.04707650116,133237.73924922803,177555.1718779967,242650.8358788513,481512.3149479598,150526.1173841917,192127.95521547942,79206.87503031161,169299.54731352636,161095.04672152526,68734.9103565911,176711.40599096665,45504.77023410143,86395.23864498791,83695.02426421079,87191.76293571416,338890.5445880246,644713.8491114166,51811.19799388847,65015.40747516586
241749.83979427384,477838.8230701531,274496.9404623645,240432.43049939605,300994.5920010319,227234.262706758,177811.71873613392,142158.54598910882,286956.94983510824,154398.84057909338,153604.13382957695,130869.84073055966,212784.9891586787,129047.73987374481,72941.36952513098,94678.92889974789,127538.49619856721,70895.47315842104,57430.30381595642,33085.53525133393,87550.78244727265,60476.37145663981,81144.96972492585,76937.94056763436,61342.88213317496
598609.3876163726,421154.3783922537,374596.9027854414,662067.847222876,243734.823241991,224796.90253474886,139809.5255270782,174735.62645942584,401528.7950314428,188406.5695108398,147887.51459990986,138030.5081943788,104889.04040090382,186230.03539766173,170727.322750821,69134.39940014179,138718.7119191294,109359.88529842923,84054.10823824795,210996.47924274957,75554.89853589257,64012.538129202,42018.433978796034,54944.57692416595,72504.85465259677
225577.37159151572,314222.97012481326,363651.5464638558,255008.82277604635,201521.85637812314,254640.4807392478,247144.286737176,286558.5441069333,174366.9880543957,153227.30474893659,227702.29328490346,128153.5844936763,91379.61529066224,278134.0821169717,207985.67731058196,89247.74234090434,156905.81818966282,211284.99812752445,86336.04545611213,73653.61249878618,92963.64351188407,101687.44226257384,67641.50014577029,71147.56710083927,79715.02391862762
433242.73178424896,349806.84950074565,277791.6812608272,261898.5113878634,362773.1091010288,173984.3148795625,171310.11436414448,157306.44282953467,56092.52958413963,172859.03481706005,99827.65450555496,166452.67712395795,90201.9104007644,134081.78759573703,129255.00352502812,61055.64630013412,45870.63531183791,173242.37403289523,68423.79111308367,68742.81757889478,81386.37685980723,79165.61450958204,171665.876575495,74131.70093963061,67326.63561899771
292586.24531971186,248854.1222513512,47154.692269461964,313702.26357231993,247784.77221893272,175513.92775200395,124336.12063925866,55157.709911701764,153579.047151045,155410.804195931,105096.38818746891,231988.3286207213,101936.2080493707,69606.52836235295,151476.02859902178,189376.83350666682,89230.62973650644,334314.93845937564,85399.76401940135,57970.25445734825,73430.40669136474,54792.259764300616,76029.01389064643,310029.7108944678,76091.55882670244
156251.91746973494,105862.53106172751,1256768.3932046362,309142.5367806572,235431.75503461476,132424.1970054505,133673.58892497237,129559.84371279782,233697.6989809722,126139.54525707316,169358.3975654348,685383.1174772489,75705.08468015696,158242.39375724178,242172.54588999547,72599.18122257483,134256.49712440852,119144.6388369812,67724.53126646395,68246.50877424193,126188.29375079223,63958.32592596421,72479.24925161237,924518.4017501541,40123.34654373671
586560.447655817,309864.8534131751,277232.21324369893,370062.5518346984,252270.1872374612,213883.38278134313,166209.9387169334,66462.45588576162,134991.77117330476,173235.74653216824,650717.7304601141,276256.1718476749,161486.92338815762,63703.21622067533,151425.85707155595,88372.01636814013,71766.73405705433,98684.81449000779,83518.3535528268,72455.71020282514,79533.9790809988,67004.82090942145,80133.41087148078,86997.23026083602,50849.987222377815
305973.9948001234,395468.3436541966,287593.7182843373,374577.962947521,222989.85770807113,296834.2734932772,193160.44683507824,157852.60127910544,121027.81269266673,197455.44480409025,217465.11236576847,113658.03816502268,606900.0204697093,99363.79981047181,149005.93938269722,91683.73130106943,169094.03648057795,102138.13850873051,108907.2691859158,91608.18210494221,63333.158901951814,49416.025414341784,50698.164418232016,66202.36609782679,77489.03469607685
319111.63830566633,433760.37934475695,349806.84950074565,266082.2858749193,246636.26788434893,175653.35697180347,257935.7425663008,209412.29338723392,172764.8448397601,424932.5715927768,118710.91948588249,89775.70285349622,186230.03539766173,69372.66532402067,216077.02983719818,397378.2505849443,190864.8844303526,87395.9232962993,95626.31994408215,79758.89101549964,104637.18811525239,71428.13948474317,42576.86913421745,65823.26837276384,54055.91894332407
247060.76871086966,220251.97383539338,322686.5445467729,154708.87076161482,262526.43071032513,175687.4235991878,178800.16737401133,262290.5181677012,158787.07165979999,294350.3384809681,134781.35766629106,151751.81482815353,128956.37272238464,912934.1443635386,48078.312944323625,91806.96591554309,87395.9232962993,89149.69646921649,92495.25507965864,1026139.5540751605,64246.68897079774,73846.94556838488,81979.16586829232,50886.70201389595,64429.762220888566
257995.34682833322,492362.8082703433,299340.9017112119,337530.24824858573,250906.53754997198,224116.06109781328,201297.4395634421,264130.01128137764,133445.46014859463,726725.5715180461,227698.7104880871,190653.09543108023,143856.75659474486,86465.71386456401,215991.73679755244,62771.30156090527,145523.6820463442,68828.14192894084,45285.52575683821,91204.28313197893,101436.34724841095,67881.74736255784,67009.79132974563,45714.45419385533,50875.93333806013
197712.21533008752,629001.5774535532,290632.9452596757,377627.6924329698,210344.29059018652,267646.96214428253,187640.9613804181,225354.5096516633,105492.12912124861,230333.02677227635,69919.91938768358,91239.12192428837,160383.1189110399,132355.41435981294,138718.7119191294,117697.8880086894,100654.29342307668,58532.70426381438,683513.7830204164,72812.80865804917,78157.16345904887,66177.52836815223,79348.17068411506,67738.33200473803,70471.08120325375
328117.6799887393,295398.1841875846,248694.07446002666,316078.3428836565,283202.804558033,260407.18470410843,259248.20472894155,618850.5041738672,375364.1007129346,257102.0239013462,168111.29981772797,153008.85001912797,158011.24288373467,196869.45985592378,70152.94434582265,154969.50630193128,641590.4526984281,105042.56056456364,112314.37043613491,83697.00033001957,109338.32250139827,58694.43252159551,78099.07121671688,134317.4708096761,49452.29705368654
422822.6802356796,403608.5070933734,301476.52318021166,249133.02464668173,306293.5718974179,450300.43359601556,429416.091770627,644701.0993389817,157869.7238819506,500000.0,164830.4648555211,226902.7977492356,63703.21622067533,211285.41758472033,160961.24869050845,33234.72520715013,284245.4624131884,79093.92115846984,192941.4321107318,84612.17364328362,79494.14027952889,65117.11970051014,86684.75523987177,53675.0193197134,79619.49967640094
316306.67862732883,156691.6540510343,268500.01625728706,237399.33371301484,249851.95544121918,167928.46605590836,228739.51657366095,359305.6734072572,145139.216006969,60873.86055227888,146429.2918382558,154467.03262467173,378045.77623319824,1178941.553662063,715969.4354163648,97801.69554630424,82808.60976353909,72779.9308475961,92797.00370001598,108006.72450594621,39358.73563355426,88917.01105615424,51970.447660887,73627.14444756426,40759.34235113069
486422.9780897086,296961.36853692366,398281.04242710985,224817.57214740175,245844.25578718755,249066.02289028256,272401.8354458964,1166728.0940594012,164212.64881169854,176965.59242937286,160053.88030516537,138578.45733674144,456505.8501378214,208545.42575893784,266633.16474428435,105278.97047898328,73820.3047053542,105027.64721884488,102498.53630691019,68423.79111308367,69826.58802870843,70666.65800982315,53877.025498959076,41721.27416829439,95111.17387123167
235238.13539264572,149656.8725873191,334269.46008195507,359196.6719719381,476283.0724889328,164565.387116844,232399.98364102675,147985.22312793654,479711.49627243396,161551.24782528466,204706.9823182935,142707.69594876282,136423.81046163716,168624.66092450265,59913.01911875647,690116.0858222917,95448.20782126817,86706.85185657631,93622.67558810119,82595.1189077787,78264.73683895226,72938.65439207494,60462.8296073496,74350.12893082373,69874.17544813789
405743.1559859003,316528.4643998133,106795.65762781397,274308.34055875894,316642.89487663005,217491.03634671425,148692.03563634361,267057.2312162762,449360.44892450306,164212.64881169854,150972.98567371164,91150.64007859053,136396.7405160356,110340.93687623643,117634.4434575252,168248.84676090287,125028.11437721005,159030.24505951512,108006.72450594621,709064.4759130443,114876.7837223103,75605.28986184699,53742.73341706193,76771.45723484311,39188.74031848646
247798.90305728585,393291.3335408049,223884.6592468397,249749.277391397,286921.791766834,233045.5936350437,262390.5081220186,176358.05406459054,162959.0424888918,211123.22579869902,158387.97747279046,119972.64753664267,159365.22819366888,128956.37272238464,160024.13199218997,167149.99410046957,267933.556393585,442632.09694220877,124379.813046915,70895.47315842104,65920.45041781652,55094.724812282126,44659.51569471766,92619.67102002219,74808.20259135944
284838.79078817426,467272.2827481885,400567.5371478747,322281.0558070729,225561.59935759642,234924.80512533366,252250.80524471588,160679.3196582644,133445.46014859463,256390.74820757756,167331.33077247982,208118.64458680726,208976.58649552378,109830.86466879255,162468.52560766268,173892.86484665383,733906.4941484361,645567.5038368822,83497.3882386843,69844.08794202657,715631.7759179486,80932.7237884594,57620.82294291178,91921.57789562254,337895.64851249015
994917.568339181,298193.1371103808,269171.6655009487,303907.00321662176,315902.23433031695,269169.6965169551,131183.1144909376,257326.5839345292,163353.5661436698,78385.73756488183,423303.089050457,668970.9489349744,715122.7692968659,94308.25382436713,696817.7683784997,213731.57717706962,267720.3977340259,81904.71350566715,86792.3527092324,54740.87577581681,61613.94618642906,44878.388493499355,1112712.9622274914,76535.85661435085,83693.04956790432
351873.33868973155,341657.28263759974,787327.8088381862,413622.6953304932,284313.68289099645,237886.91808882853,146627.92162125206,161289.56852659452,126139.54525707316,134748.64485061346,262340.6411361204,799228.9687783435,218059.66414350338,201613.97931267996,960643.204336796,161330.87938012058,59244.179606674006,90974.60428090858,41119.21485720783,50816.49640938962,63335.13455266165,748335.8763513801,95305.5097476367,419687.20643734455,39056.24053889423
79026.6668346599,1076245.0654454401,383012.0061112715,1163459.7172387394,500000.0,167595.1970216413,217809.12905104872,228275.81567829585,178331.63694319123,207261.5114917625,413316.43167485157,177326.14592327736,476000.3643968092,124532.91149574377,138945.54085628997,100813.06444406859,993619.0535884525,127023.2109528597,92388.70783572916,76183.69954597799,36823.47146699022,115392.8925190347,78269.43018425173,80338.71992495428,77987.56381636261
296139.3055184336,401381.60634764633,211220.9864334766,303567.29303455213,307882.51413017337,166482.01656725662,261551.51144293803,884623.8843624534,177202.54557219398,136611.3808010026,676549.2556198612,146488.8041125079,153704.37151435978,270749.913359512,554795.2457886058,112598.87665854211,758622.6164911151,145523.6820463442,86347.38433226777,92799.46178363558,688834.9015204771,74213.63526055103,73794.27439729992,61350.70346429153,72917.91819374531
258358.06543446257,268184.4036258551,183582.8788208897,186615.8200367741,229555.38399592688,59193.66451556866,233020.3449691464,133445.46014859463,173893.19726091478,1005453.2765197678,182470.68641651754,500000.0,179107.62706526136,192427.63298441877,45841.03405937205,137131.27842837662,127981.2312637518,31701.27737225463,928042.5526708261,87647.8142459215,78211.25441582063,42341.729541010296,66371.2098427065,75663.18043342509,33615.68612586663
429448.3188626602,264058.4133897972,494450.8225799572,341761.9358198985,189586.37825525447,214267.00050921636,228099.13956919545,146332.9003903275,101622.70168715835,1019546.5265725004,158346.77203193493,238712.084894075,156138.228803503,32705.70151373504,756513.1204237915,266633.16474428435,639938.5747316338,100377.24054787745,708545.8086756811,109234.87176002839,667090.1680622046,67009.79132974563,70920.37255536957,500000.0,79914.04947498947
249465.2189979393,353409.6574298885,105862.53106172751,369842.50528869557,379237.24128646037,294854.99769579613,257761.91676961607,256608.38333791765,228275.81567829585,161864.18188406772,240583.4572619836,169358.3975654348,57223.159827522744,165594.81517307993,176654.99179421217,164289.5238167835,164534.83970446934,45870.63531183791,83280.16596649835,725629.6385880073,42566.59036303275,72611.29058053446,54463.00769359019,70273.91246330008,37874.54889609325
371520.6494015391,293530.31682459905,322615.2012271945,175513.92775200395,234402.2428818969,217239.86713686644,148874.3765166369,135432.3403651735,151126.24011755694,157330.0441434269,731789.5321343719,106573.43248556089,67506.58932273151,145480.7582624536,123087.94555359196,149954.75013382005,268545.7901235521,96816.77447193663,57239.848390749205,74903.8759562877,74881.97746344407,106480.0494140686,72603.09243981059,777387.9156002739,68242.22197810562
404669.8122688674,105629.60874303132,239207.0861765283,315997.01299527485,164626.55924223928,143604.18488709134,137431.86699544764,1032814.6995586723,280620.3369553342,164928.88971947256,150595.5597049857,219340.59136516607,730373.3755508503,156478.46895092714,258891.80578761426,182764.45002612856,202373.4693728179,84714.80722471504,68336.71881029474,73304.02558831603,51438.45170515259,87990.61603264847,67133.72153810703,40123.34654373671,69916.0088233133
207463.03862128136,264975.87891679024,272700.9983051226,227273.13754126424,229819.421936546,225876.02960394067,237000.06636306696,330166.87679066206,208548.747902379,150730.74100976696,361991.58986705344,95845.0369325536,603258.1266228639,96424.25069498447,62771.30156090527,116640.55980399752,68268.87259877195,80100.43009229851,93659.83881242388,70878.40908423094,1390649.9740227466,46015.31299403042,55645.292739698474,37874.54889609325,68644.36975979892
444759.7312505734,361886.3881799056,245486.3860290753,284727.95622440975,457673.60008810955,264275.5706365868,180267.04316971297,134991.77117330476,160037.0117089334,157267.60330910946,114161.41580386125,856542.4842947425,152798.79950486036,42009.815586436525,354821.60066715593,103891.80315469892,728140.2138407275,86525.70455838852,66934.0285303526,79870.23977293748,61656.46440112614,61662.221812095246,350719.1536454336,52850.67643435732,72626.57499517727
895783.2415279738,1073154.4038327874,263935.2292770583,268754.6983475781,311218.65306817985,225913.6140576115,244160.46925816018,136665.46449909365,137830.40149796274,131680.35984486662,178658.0690095445,243985.50551557017,111793.15863354199,152114.31029912218,733291.4931618925,149783.090420039,228222.52421625977,851840.9894483612,83005.97749449652,51994.24636053723,52008.84579582647,58380.05220297466,91845.90398429644,841623.135151471,82674.99215786907
210484.94170184882,296984.4417376866,292596.41803097597,284741.2748136753,154708.87076161482,262497.4873992646,245939.96559621725,200473.9942355516,736159.9595388151,973441.7701711112,500000.0,277219.0127016435,83954.64045508741,208990.82879456598,109190.44989560863,75400.22757572954,83402.94578110942,107458.12587518618,278744.5339576771,115392.8925190347,1226472.904792517,64324.70242762848,53142.99192315289,88912.46244411144,46419.96108384125
274623.7944805776,384667.39219737606,635197.9281051452,269201.4046759822,159321.09903333316,295498.3584829975,394726.2597550452,267449.40296055505,223123.06971235402,96373.5415913322,400458.64225462585,151369.38847773112,161715.01385347906,200660.87155215698,160283.83120030683,223852.19385142426,138352.51181117576,78038.18744241579,54740.87577581681,1017391.186326668,84493.07087970333,44859.495944881106,46015.31299403042,56871.34761607893,39567.844624977646
168594.51405829412,419968.46261652414,203565.83212465007,221624.19264161843,235995.23646062918,241877.91270960594,131890.08514768022,160048.37239310154,172859.03481706005,291324.08994563634,192561.7248238234,664144.3398549783,141296.5755619969,144099.30304167647,560783.1395910712,111880.14850395494,104242.9879189998,70720.36023675118,88319.78726278679,897093.3518165039,100962.43192335605,71664.6674496966,76436.80619957097,78391.84649489398,62867.40937931646
437945.8068826962,320297.55306421535,246548.88293483102,186550.48635347956,234848.50597399444,233532.6771309146,178848.8577269285,62704.31931453815,102975.38471961037,182905.26359315592,98512.20616505822,781112.2375422884,175713.63646267093,142556.11512117583,186431.28255796188,103640.05437899183,75711.54274069323,82408.15361768653,91876.60545503133,73165.69925057185,83445.14024626033,52901.96375697532,67738.33200473803,58758.41715010189,44956.710245171496
241204.24974772567,334942.5946992063,416513.03707224625,239638.9443003002,262491.3643394746,228051.3638606327,177555.1718779967,214715.0701061748,228440.05632260835,112098.13833131603,146490.58077234222,139451.9725644311,147656.4595392453,130552.33454471498,158946.98347419215,135205.271513175,631532.1041923191,106902.76645184838,78013.5009875321,51589.77006795717,52107.19597393248,56927.67073518853,41181.123465774464,77168.70421624696,60773.17024104252
412247.1553776937,253879.3934807675,428137.9711758429,316290.6234979561,296834.2734932772,265672.72741658345,229078.39085539978,112960.2955950723,174185.22695986595,70093.44969288122,251560.20523235918,122016.41095008687,150741.35967140255,151017.66316883423,138677.16522450815,135840.84546855983,248503.3756464981,110834.70101138834,96395.57094595303,604307.6933793307,234372.56369683903,82827.17367086664,756977.4555717871,76501.51192484476,79039.46923805364
407101.39572926215,598609.3876163726,264780.5967693917,361241.8613595298,253458.18616425863,313543.638877232,148491.18223269482,240234.80420149403,132495.6860106246,145231.05857402913,151742.16222124876,150373.7325980152,266922.88494601316,500000.0,93085.30142757129,69529.38908459156,114288.99154332593,87962.050749623,71423.56007125578,42566.59036303275,90886.78227078881,69343.33752746749,71661.24532884557,75495.61216521192,49852.03169480365
363834.8253421759,361021.37046125496,294767.5954916788,555699.2748913455,277747.1184219093,242197.10509427925,255820.18819255527,196084.41906331416,198362.87534095187,201951.48496914894,154233.10320305033,147656.4595392453,158091.35208573868,145364.45964831562,149783.090420039,161297.25588611944,106961.52201817583,86116.50640727804,68830.84934256095,81750.53656309904,60121.32281674684,128139.61266201115,53850.608771297906,815272.0350384752,49456.73263727907
260983.89619302208,302182.31457912474,268367.9267797957,270488.3151913846,326492.5860133958,251656.14198529662,256623.7449874637,211372.1091956714,193006.2770327921,780422.2172249156,431021.4425192203,943492.1563796473,158242.39375724178,86731.57564702166,197406.9210245398,752692.1761658723,85247.55538247013,229527.2905442529,84465.20471797799,78184.41093577426,74962.28446013707,77969.29575023656,80220.26208633585,66032.57911833268,37643.631907702205
242282.82072333613,302939.979715314,293701.7425216151,246866.80010992516,180664.01380827534,261551.51144293803,198910.33950287916,259024.978214505,207969.17151292015,252909.1129989228,49854.09232364603,806870.2639467699,113658.03816502268,213516.10544827988,500000.0,134207.9338831721,91656.81152738049,235372.50808793295,83497.3882386843,92512.46169637679,118380.04173121486,79348.17068411506,69143.50489579163,710131.7613719546,41800.09310448382
264975.87891679024,495816.3329684884,214457.6799136825,293118.4347078785,318331.6980098274,270854.5040757727,516928.49756927614,727458.8752744173,44662.73685015338,156712.6324335499,183690.75853287417,91379.61529066224,1216934.9623905232,165631.35296747385,69406.6791280746,199066.63439694996,106491.77303184758,138427.74253096964,50816.49640938962,1025139.6433556435,76206.63354226193,102292.18610218729,54884.29483367423,66811.49851913897,71696.27948044956
314272.9918275091,440775.1607345892,239854.7531270912,223884.6592468397,199092.652930565,149099.6607814097,268784.3398924405,309617.3218265999,393006.24156070524,162317.9042009206,165461.16384133336,560311.6160062132,129574.30346259757,233619.21480232396,127658.2156535086,125532.66287304637,91752.89192413144,72109.26920027004,38999.7337449761,69032.6869699898,85654.71518223303,68859.14486974827,71737.47558604344,36676.26275287562,69441.16409755785
222641.6823513068,257941.64577854334,252518.71798644622,365577.11800580344,279507.29283579934,135583.40697507455,157927.9231697689,186591.1118333801,175495.13255150415,63128.20779025843,635588.8864978519,500000.0,166345.68602197166,347120.54070144217,169783.08807685727,182422.24357693963,340800.09410934366,81113.78251060116,99978.60812819701,90439.75346131201,99517.23044533515,84085.57405559579,49371.66538699382,43843.377462101234,44738.79741577024
539003.3149239976,287404.7430571622,362220.17374438234,171336.20155702805,382172.45797092404,260731.449082612,319248.0480267438,215833.4538119709,218547.22456113034,162959.0424888918,275279.51928986446,175173.811481449,900885.5348865751,158946.98347419215,98915.8132719811,998840.4221587075,749591.572014854,211978.2966812466,89512.67100433508,107932.01441636431,68407.92763282495,829883.2276458698,72394.15685544036,95308.18662776472,52279.69608026829
304341.8506971117,266071.41151208634,290787.9198189821,379237.24128646037,248651.44040228965,254978.66065212584,255329.08814834093,198362.87534095187,149242.237193311,201825.80504435103,500000.0,154388.0247169619,706565.3991594464,156942.4880312197,95478.48914449512,194869.07551882858,99927.16945795377,70006.69398333144,80469.37463018412,33066.20308006363,85359.27181487424,96184.47742066733,77737.03015746735,56905.80117819327,41331.35610639257
240476.8202313151,271694.44998980063,221870.18839512614,184557.6758652073,106976.70783674609,301640.2954475348,447008.1757163603,105954.99164683819,210866.12329411253,113292.0590825085,401528.7662641945,105794.64256185664,128766.34181979469,128956.37272238464,89795.26687415282,164154.19072894705,131084.74610132742,103579.726190151,91459.78540103286,679097.7312091248,41302.20272598465,43229.52787817303,42566.59036303275,70667.49750526778,61824.0780988452
275020.0113531522,275027.0525233136,425135.4547731806,267205.263904358,214734.1633519175,235220.64039231412,259024.978214505,166384.85112066727,147483.93991898705,149740.18732227152,175297.45229883085,117027.291901875,384305.50531796966,169974.2960067549,172561.153871852,810587.1420241217,148891.75860348565,79170.5928507137,87583.97779511227,500000.0,83488.31553048614,47334.67074306363,79280.63082719911,76248.58596441067,675522.2438985191
822690.1694212963,368868.1930907211,342868.8768776836,212634.41173908167,337250.3166768699,903277.3244419919,257382.84817225568,151126.24011755694,201201.54415540546,110505.91020970662,149795.84081523577,166289.62325436732,117070.28017163352,274820.4925059114,448483.9226030451,473896.9420873412,69406.6791280746,144922.99924883014,35496.34076159577,750247.5146821085,79308.72065307875,49248.9792054883,78608.21821841713,58000.375229367484,55870.02045369006
425178.9414421951,238279.94560704764,89345.29801292602,155268.2146108792,240618.5466137869,240396.18848843133,138228.69817327993,203916.6791461528,150490.87637263502,486154.47905299184,113806.73161771502,857109.0674455452,233397.8988957898,59913.01911875647,146876.19554962282,88562.27222725531,73721.9393459793,67724.53126646395,85212.34811586382,283381.5487785682,71423.15465239417,75178.39109369597,58835.74198401531,106296.20003304369,67798.53243318836
477838.8230701531,309559.7066879843,290065.8053763007,63664.2853935194,165754.4768044306,423306.97545253363,208593.66122790184,40808.20233362284,157267.60330910946,102858.00307115435,155377.12892924628,821349.4253724142,245205.1400141762,455765.8957348435,172587.4422429364,86616.73956825334,102646.64015173411,76367.519622161,95963.81428276484,793672.8850160914,71553.31893581283,92594.4643520552,40575.8762485996,48168.57328122384,46289.43172347109
983077.8981407377,285533.0568056439,268431.24662696396,381570.6458338255,171914.65293325498,288606.18231500196,178297.39677485888,177049.28362565918,306026.44327311916,136563.06318294254,95950.25036465062,209199.31611641136,130552.33454471498,387809.2887029353,132268.22810907982,162729.66276945325,107068.67505595063,743579.463933437,581942.874726278,38134.41843841289,82213.70029557202,64746.802632095205,39801.87244749024,74860.52752493494,167246.1229827665
386503.02147283475,245720.3138314518,133747.5504071407,352830.9803417213,163950.1077630177,137344.47542450507,267475.9150746502,269117.2482002958,230653.96547588275,121955.52020848426,62391.29801935535,115198.78244626365,122016.41095008687,176654.99179421217,38759.0308982462,67738.66066654664,62771.30156090527,813859.3025956119,1061055.7184492138,98477.28473246632,66994.22497363086,73422.7474780104,751030.571329454,73458.01117855699,48772.116293805564
253239.06627036323,127011.65044064517,269600.81914692884,235431.75503461476,286830.05233622924,347609.8503931047,130159.18023030704,682165.1284773257,59677.69360311888,151441.5239606397,189112.84069168672,174101.35536893865,155596.1924578551,153179.4277825408,152329.64532390563,83572.94244698,85807.71802727332,67504.24537213842,180489.705989715,88296.89195611651,59530.56827537459,77737.03015746735,69055.6302407353,52941.8852465205,83156.77400362783
414154.70618280745,374577.962947521,359828.7187665936,271638.13350969827,217491.03634671425,135583.40697507455,226660.43251155748,297094.8911340943,125135.07825542887,142030.00708250987,209199.31611641136,156472.61946837412,130036.1244340904,134404.21190667036,270749.913359512,162579.54371065932,128923.3235227905,95109.84460281392,93525.15062633717,84339.20121325218,73162.70886117972,1125461.7081088533,71609.6340159135,87956.10048495454,41568.567214945404
285695.44191501365,266510.35394365515,1141926.2458509512,147102.88956240998,243989.38289372507,192124.87744174656,248650.7565556495,176475.07848502818,152101.17341316526,322970.2759200772,234348.21374175843,159245.62665056973,114161.41580386125,146490.58077234222,95741.01065164519,806556.5149283862,164199.03890576016,93208.2011689296,65609.68626641348,91677.08517812465,104977.51391408083,72173.89050943189,74355.31294522305,69428.27090640763,77575.694032156
335922.5499794716,431393.9515131777,228690.4447094435,140127.04063552566,173349.1915533616,160538.0435298588,140863.98804700738,153389.0708107133,500000.0,401600.621742782,728690.542821587,141033.22850737858,96424.25069498447,123237.02990934538,89841.4336646453,102907.7308555586,73773.76727056873,167674.75015966716,88498.85324055082,52824.02855906659,66467.63845786925,65174.487092843556,79190.60607014853,68578.35111452088,58028.689127250225
450245.8417275853,553342.8203916053,152491.21437043947,384022.2935524895,193585.82505758828,145768.69130272843,235220.64039231412,280581.05877716746,286706.19773314684,126363.80858386253,198086.39244404994,174675.19637554977,725370.3328716378,725586.6300818486,326789.6404615248,127382.8882419652,92093.76872141557,74052.60933669843,195232.64951844493,71478.50543856094,57504.330023397866,68014.68325770166,62327.28616648899,57354.65343956914,67750.86910697038
282869.1013920728,240017.17990948886,56494.18665837636,379289.09894548776,236064.00371160675,243331.73569821843,287617.89472236094,145071.0699746511,686629.8658831315,118328.27185313788,185731.35198183142,163897.2520865638,146490.58077234222,1011960.7085782544,166715.43814399233,180530.11214360368,155328.76436849794,77651.906601422,85043.50223124001,100933.21625846504,76158.18752367295,43738.22916208727,65526.02592035778,67738.33200473803,73779.07558641805
