GCaL,GKs,GKr,GNaL,GNa,Gto,GK1,GNCX,GNaK,Gkb
0.3784248947299018,1.6899933892236945,1.8003616712185906,1.8406223560402564,1.494903553030734,0.7842215619358024,1.4814989714650983,0.21941274245519723,1.8388246205872496,1.1030267785488994
0.3359349659072637,1.9566517054001424,1.9105474531679048,1.9575752321154378,1.0032663963615172,1.4137570249946678,1.4814989714650983,0.19074888811454066,1.6368643119799242,0.9733429802192892
0.3152373429804743,1.9566517054001424,1.9785447315635656,1.8914647654815804,1.0032663963615172,1.3245822800139455,1.4814989714650983,0.19448419066142533,1.644654657604649,0.9733429802192892
0.3359349659072637,1.9566517054001424,1.9105474531679048,1.9575752321154378,1.0032663963615172,1.4137570249946678,1.4814989714650983,0.19074888811454066,1.6368643119799242,0.9733429802192892
0.33281514776638377,1.9472151146607635,1.8468516249925504,1.7261195419245372,0.9465338007470829,1.1345517680921262,1.5122868604189015,0.21880433585976206,1.543527225175912,0.9733429802192892
0.46291835336646275,1.863695079402523,1.8453158588329703,1.8447474361844005,1.1830398112367067,0.9102621757641396,1.7246039365338925,0.22413339576134164,1.7101401187538994,1.0323685173540886
0.46291835336646275,1.863695079402523,1.8453158588329703,1.9634310381614932,1.1830398112367067,0.9102621757641396,1.7246039365338925,0.22413339576134164,1.5880212401844305,1.0323685173540886
0.33281514776638377,1.9472151146607635,1.8468516249925504,1.9504042970276814,0.9465338007470829,0.7858532450571717,1.5234078916196525,0.21880433585976206,1.9523301563372755,0.9733429802192892
0.39242154119879163,1.9313417768991208,1.8889298857642587,1.8863918445361212,1.3573752976150966,0.8289584345573362,1.9032929658341937,0.18202573450587914,1.8531433913493045,0.904361705333444
0.31125882740250854,1.9313417768991208,1.824504551876933,1.9504042970276814,1.1434016923701897,0.7858532450571717,1.6217644235943345,0.21424083133572527,1.9523301563372755,1.00477382364037
0.4146008711730809,1.9472151146607635,1.8279936212323233,1.7261195419245372,1.2663270803670128,1.1345517680921262,1.5122868604189015,0.19559285801438603,1.543527225175912,1.042447137912117
0.4293134629485478,1.6757260717350797,1.7747504196027903,1.7542256809235033,1.108794853471907,1.0206383123996026,1.4509009089624836,0.2508779937421037,1.6759215502234492,1.176137996447145
0.4146008711730809,1.9472151146607635,1.8244187121765245,1.7261195419245372,1.0647343977255668,1.1345517680921262,1.5122868604189015,0.19559285801438603,1.543527225175912,1.042447137912117
0.4146008711730809,1.9472151146607635,1.8244187121765245,1.7261195419245372,1.0647343977255668,1.1345517680921262,1.5122868604189015,0.18202573450587914,1.543527225175912,1.042447137912117
0.3619834853656708,1.9472151146607635,1.8244187121765245,1.6636653099638894,1.0976590766455925,1.1345517680921262,1.5122868604189015,0.19559285801438603,1.6995682819731897,1.042447137912117
0.38817515498886374,1.8281661397776694,1.769496014177931,1.9504042970276814,1.0229898770530603,1.0228449832257216,1.6963678167500638,0.22616331099207077,1.5823673723313694,1.1382729009371537
0.3619834853656708,1.425989501881877,1.8279936212323233,1.794300409783154,1.5031365653149789,0.9645072921558133,1.604507059306305,0.19559285801438603,1.6995682819731897,1.042447137912117
0.3619834853656708,1.425989501881877,1.8279936212323233,1.794300409783154,1.5031365653149789,0.9645072921558133,1.604507059306305,0.19559285801438603,1.6377882399096764,1.042447137912117
0.25901573750977713,1.9982418213135875,1.892487703235001,1.7955941580421513,1.1675860809816918,1.1696641526863698,1.7778553570673667,0.17537205498735303,1.6294869116051716,0.9588321863447697
0.4146008711730809,1.4393345600792724,1.8113818226031584,1.8068742295812918,0.8771175814529765,0.7560775973805628,1.6391948530183214,0.25276924559967284,1.7127921364783163,1.1862032122913915
0.3619834853656708,1.9379299224143922,1.8113818226031584,1.794300409783154,0.8552166765288911,0.9645072921558133,1.604507059306305,0.19559285801438603,1.6995682819731897,1.042447137912117
0.3714231098239576,1.5488842990359233,1.8586051865747644,1.7261195419245372,1.5031365653149789,1.7732040524334576,1.790830825601237,0.23224080248886345,1.3219313526222045,1.042447137912117
0.3619834853656708,1.8674034865678144,1.8113818226031584,1.887838914476322,1.0808511608007076,0.9645072921558133,1.604507059306305,0.19317624167547234,1.6995682819731897,1.042447137912117
0.34491967362964404,1.9982418213135875,1.892487703235001,1.7955941580421513,1.1675860809816918,1.1696641526863698,1.7778553570673667,0.17916763062624066,1.6294869116051716,0.9588321863447697
0.4293134629485478,1.8281661397776694,1.7387354347795818,1.880771163082442,1.0971311935799126,1.0115654638504523,1.8604685568535322,0.22616331099207077,1.5980237665401695,1.2361790758779791
0.3619834853656708,1.425989501881877,1.8279936212323233,1.794300409783154,1.5031365653149789,0.9645072921558133,1.604507059306305,0.23217356899009467,1.8267670076807192,1.042447137912117
0.2711998134824866,1.9982418213135875,1.892487703235001,1.8960347527684256,1.1179011499595697,0.9890636696287213,1.7778553570673667,0.1924331276991792,1.82794548581431,0.9588321863447697
0.3416430346354773,1.9248708607929026,1.9077309261494215,1.9726158134053462,0.8920113007477428,0.8595094677724769,1.6333521222046905,0.20943672143362524,1.4999736826963224,1.0487058869928687
0.348296101970503,1.8791453150400883,1.9439660720707064,1.794300409783154,0.9981854260727431,1.18936773621752,1.5765051544011173,0.2657508909225027,1.0999768248139161,0.8941191818007417
0.25910101349051856,1.9152148116479566,1.892487703235001,1.7955941580421513,1.1675860809816918,1.1696641526863698,1.7778553570673667,0.17537205498735303,1.631645662991541,0.9588321863447697
0.38992979776744696,1.4393345600792724,1.8113818226031584,1.8068742295812918,0.8771175814529765,0.7560775973805628,1.6391948530183214,0.25276924559967284,1.72979569140883,1.0876943428007082
0.34491967362964404,1.2710263475629517,1.892487703235001,1.7955941580421513,1.1675860809816918,1.1696641526863698,1.5765474380281503,0.17916763062624066,1.9980715497343986,0.9588321863447697
0.25910101349051856,1.7364168737587233,1.892487703235001,1.7955941580421513,1.1675860809816918,1.3733484769749937,1.6843753748704104,0.17537205498735303,1.631645662991541,0.9588321863447697
0.35707302805398894,1.9982418213135875,1.892487703235001,1.8113430748428385,1.1179011499595697,0.9890636696287213,1.5765474380281503,0.1924331276991792,1.82794548581431,0.9588321863447697
0.34491967362964404,1.9982418213135875,1.892487703235001,1.7955941580421513,1.1675860809816918,1.1696641526863698,1.7778553570673667,0.17916763062624066,1.6294869116051716,0.9588321863447697
0.3416430346354773,1.9248708607929026,1.9077309261494215,1.9726158134053462,0.8920113007477428,0.8595094677724769,1.6333521222046905,0.20943672143362524,1.4999736826963224,1.0487058869928687
0.3416430346354773,1.9248708607929026,1.9077309261494215,1.9726158134053462,0.7958270699775865,0.8595094677724769,1.5375709813663254,0.20943672143362524,1.7350011360412763,1.111993556331142
0.3765558725831689,1.7010768434410897,1.8279936212323233,1.6853286046228213,1.5031365653149789,1.441497282602954,1.604507059306305,0.24706119799705786,1.674374740020848,1.042447137912117
0.3619834853656708,1.8674034865678144,1.8113818226031584,1.887838914476322,1.0808511608007076,0.9707426817870443,1.604507059306305,0.1889928906625287,1.6995682819731897,1.042447137912117
0.3619834853656708,1.8674034865678144,1.8452225160730196,1.7045578217771578,1.0808511608007076,1.3647678701705797,1.604507059306305,0.19317624167547234,1.6995682819731897,1.042447137912117
0.37932252283496937,1.795962377920947,1.8577342273556026,1.794300409783154,1.5031365653149789,0.9645072921558133,1.604507059306305,0.23217356899009467,1.8267670076807192,1.042447137912117
0.3416430346354773,1.952407563689323,1.9077309261494215,1.9726158134053462,1.0294916967742704,0.8595094677724769,1.6333521222046905,0.2555624563276369,1.4999736826963224,1.0487058869928687
0.25910101349051856,1.8736922201821047,1.892487703235001,1.7955941580421513,1.1675860809816918,1.1696641526863698,1.7778553570673667,0.17537205498735303,1.68262998765575,1.0305537656041486
0.3207869638614883,1.425989501881877,1.8523209859158647,1.9761619849559309,0.8460658447748984,0.822423336673207,1.6119310552046318,0.23445993693783915,1.6377882399096764,1.042447137912117
0.3902763418474411,1.952407563689323,1.9077309261494215,1.9726158134053462,0.9796577428783507,0.8595094677724769,1.8408070353634038,0.2555624563276369,1.7398402295074566,1.0487058869928687
0.3619834853656708,1.8674034865678144,1.8113818226031584,1.887838914476322,1.2793865238889817,0.6285533416856129,1.604507059306305,0.1889928906625287,1.6995682819731897,1.042447137912117
0.34345422119857516,1.9982418213135875,1.892487703235001,1.7955941580421513,1.1091443615548526,1.1696641526863698,1.884592215651613,0.17916763062624066,1.6294869116051716,0.9588321863447697
0.35707302805398894,1.9982418213135875,1.8279936212323233,1.8113430748428385,1.1179011499595697,0.9890636696287213,1.7672404667332335,0.1924331276991792,1.8465947765404858,1.042447137912117
0.3619834853656708,1.952407563689323,1.8507008166498342,1.887838914476322,0.9386566179196498,0.8595094677724769,1.6333521222046905,0.1889928906625287,1.6247696693607754,1.042447137912117
0.37932252283496937,1.350137292945138,1.8577342273556026,1.794300409783154,1.0865684635622426,0.9645072921558133,1.604507059306305,0.23217356899009467,1.8267670076807192,1.0313954464591708
0.34491967362964404,1.952407563689323,1.8113818226031584,1.7966647432642717,1.1434016923701897,1.9391417531756108,1.471655709234037,0.20365856955535652,1.5963875164149564,1.00815131930327
0.3613401260314093,1.2710263475629517,1.892487703235001,1.9032468955687394,1.0966526085011772,1.1696641526863698,1.5765474380281503,0.17916763062624066,1.9980715497343986,0.9588321863447697
0.35707302805398894,1.9982418213135875,1.892487703235001,1.8113430748428385,1.1179011499595697,0.9890636696287213,1.5765474380281503,0.1924331276991792,1.82794548581431,0.9588321863447697
0.35707302805398894,1.9982418213135875,1.892487703235001,1.8113430748428385,1.1179011499595697,0.9890636696287213,1.559535914575382,0.1924331276991792,1.6109110963735216,0.9588321863447697
0.37264046006761603,1.7010768434410897,1.8279936212323233,1.6853286046228213,1.5031365653149789,1.441497282602954,1.604507059306305,0.21535033130829984,1.674374740020848,1.042447137912117
0.3765558725831689,1.7349933427002897,1.8279936212323233,1.8783598410230347,1.5031365653149789,1.441497282602954,1.604507059306305,0.24706119799705786,1.674374740020848,1.042447137912117
0.3416430346354773,1.8045506505061832,1.9019349827364036,1.9726158134053462,0.7958270699775865,0.8595094677724769,1.5375709813663254,0.20943672143362524,1.335519953465713,0.9733429802192892
0.3416430346354773,1.9248708607929026,1.9077309261494215,1.9318482532694916,0.8920113007477428,0.8595094677724769,1.5457901065355515,0.2092326020230143,1.4999736826963224,1.0487058869928687
0.34997793670672417,1.9248708607929026,1.9077309261494215,1.9726158134053462,0.8147986064081769,0.7837459362332748,1.697784196363641,0.18971196289923326,1.5990983557490703,0.9228143978537775
0.3765558725831689,1.7010768434410897,1.8279936212323233,1.6853286046228213,1.5031365653149789,1.441497282602954,1.604507059306305,0.24706119799705786,1.674374740020848,1.042447137912117
0.3619834853656708,1.8674034865678144,1.8113818226031584,1.757319239681755,1.0129504092054142,0.9707426817870443,1.604507059306305,0.1889928906625287,1.6995682819731897,1.042447137912117
0.41499630542607463,1.6147220936862317,1.8507008166498342,1.887838914476322,0.9386566179196498,0.8595094677724769,1.5640283928131642,0.1889928906625287,1.768190634920353,1.042447137912117
0.3619834853656708,1.8281661397776694,1.8452225160730196,1.8052643745737702,0.9386566179196498,0.8595094677724769,1.5765474380281503,0.19857252804858244,1.6247696693607754,1.042447137912117
0.38111701212556626,1.7010768434410897,1.8279936212323233,1.7784520993764592,1.5031365653149789,1.441497282602954,1.604507059306305,0.21535033130829984,1.674374740020848,1.042447137912117
0.35707302805398894,1.9982418213135875,1.892487703235001,1.8113430748428385,1.1179011499595697,0.9890636696287213,1.559535914575382,0.1924331276991792,1.6109110963735216,0.9588321863447697
0.3416430346354773,1.42723608020343,1.9077309261494215,1.7671722329986521,1.0294916967742704,1.0381883811083608,1.4983644503300961,0.18208925798989106,1.4999736826963224,0.9445087317344738
0.37728851309336214,1.8674034865678144,1.8113818226031584,1.887838914476322,1.2793865238889817,0.6285533416856129,1.604507059306305,0.1889928906625287,1.7653049401864032,1.042447137912117
0.3619834853656708,1.425989501881877,1.85930091337908,1.794300409783154,0.8920113007477428,0.8595094677724769,1.604507059306305,0.20525958327032845,1.6995682819731897,1.042447137912117
0.3765558725831689,1.5405571773687416,1.8279936212323233,1.7978263084825672,1.8182905517293368,1.441497282602954,1.604507059306305,0.24706119799705786,1.674374740020848,1.042447137912117
0.34491967362964404,1.952407563689323,1.8113818226031584,1.7966647432642717,1.1434016923701897,1.9391417531756108,1.471655709234037,0.20365856955535652,1.5963875164149564,1.00815131930327
0.3613401260314093,1.2710263475629517,1.892487703235001,1.9570774206624875,1.0966526085011772,1.1696641526863698,1.846896585932424,0.17916763062624066,1.9980715497343986,1.0537268287707129
0.35707302805398894,1.9982418213135875,1.892487703235001,1.8113430748428385,1.1179011499595697,0.9890636696287213,1.5765474380281503,0.23959569180836993,1.82794548581431,0.9588321863447697
0.35707302805398894,1.9357776015390051,1.892487703235001,1.8113430748428385,0.8460658447748984,0.9890636696287213,1.559535914575382,0.1924331276991792,1.6109110963735216,0.9588321863447697
0.3897871175911995,1.1078480878698553,1.812305187185157,1.9116074826123524,1.1225761609165337,1.0742304820846433,1.5578323097386046,0.26172798523465796,1.9867363729767618,1.1538078101872447
0.37264046006761603,1.7010768434410897,1.8279936212323233,1.6853286046228213,1.5031365653149789,1.441497282602954,1.604507059306305,0.18940946513318752,1.674374740020848,1.042447137912117
0.3340520832414208,1.350137292945138,1.8577342273556026,1.794300409783154,1.0865684635622426,0.9645072921558133,1.604507059306305,0.21590897739341808,1.8267670076807192,1.0313954464591708
0.3613401260314093,1.2710263475629517,1.892487703235001,1.794300409783154,1.0966526085011772,1.1696641526863698,1.7756613985396987,0.15737015246858996,1.9980715497343986,0.9588321863447697
0.37264046006761603,1.8659279148711483,1.8113818226031584,1.6853286046228213,1.5031365653149789,1.441497282602954,1.604507059306305,0.23181462716765697,1.6995364850941257,1.042447137912117
0.34491967362964404,1.952407563689323,1.9077309261494215,1.9726158134053462,0.9796577428783507,0.8595094677724769,1.6101695951292017,0.2555624563276369,1.7398402295074566,1.0487058869928687
0.35707302805398894,1.9982418213135875,1.892487703235001,1.8113430748428385,1.1179011499595697,0.9890636696287213,1.5765474380281503,0.1924331276991792,1.82794548581431,0.9588321863447697
0.3765558725831689,1.9262563811566118,1.8279936212323233,1.8783598410230347,1.4881553385248292,1.441497282602954,1.604507059306305,0.24706119799705786,1.674374740020848,1.0584616792063024
0.3765558725831689,1.5405571773687416,1.893475923431136,1.7978263084825672,1.8182905517293368,1.392029323040377,1.604507059306305,0.24706119799705786,1.674374740020848,1.042447137912117
0.3897871175911995,1.9627000851158616,1.9167155032126624,1.9116074826123524,1.1225761609165337,0.7898330611206172,1.5578323097386046,0.18314430766454642,1.6465232581697264,0.9588321863447697
0.34491967362964404,1.952407563689323,1.8113818226031584,1.7261195419245372,1.233984608698886,1.8554676758521618,1.471655709234037,0.20365856955535652,1.60666389784035,1.00815131930327
0.3613401260314093,1.296431767732506,1.892487703235001,1.9799770891199546,1.0966526085011772,1.1696641526863698,1.846896585932424,0.17916763062624066,1.9857366306566748,1.0537268287707129
0.35707302805398894,1.9982418213135875,1.892487703235001,1.8113430748428385,1.1179011499595697,1.1696641526863698,1.5765474380281503,0.2320205211839953,1.82794548581431,0.9588321863447697
0.41499630542607463,1.6147220936862317,1.8507008166498342,1.887838914476322,0.9386566179196498,1.9444523064933088,1.5640283928131642,0.1889928906625287,1.768190634920353,1.042447137912117
0.3710308146933679,1.1078480878698553,1.812305187185157,1.9116074826123524,1.1225761609165337,1.0742304820846433,1.5578323097386046,0.26172798523465796,1.9867363729767618,1.1538078101872447
0.34491967362964404,1.952407563689323,1.8113818226031584,1.7966647432642717,0.8460658447748984,1.9391417531756108,1.471655709234037,0.20365856955535652,1.97975612175695,1.00815131930327
0.3619834853656708,1.8281661397776694,1.8452225160730196,1.8052643745737702,0.9386566179196498,0.8931804538367163,1.5765474380281503,0.20168124339474588,1.6247696693607754,1.0493913306486111
0.3765558725831689,1.5405571773687416,1.8279936212323233,1.7339929287025377,1.7941937394754508,1.498427613969858,1.5640283928131642,0.24706119799705786,1.674374740020848,1.042447137912117
0.37264046006761603,1.6243645938686786,1.8279936212323233,1.889317700859955,1.6859957841976185,1.441497282602954,1.604507059306305,0.18940946513318752,1.674374740020848,1.042447137912117
0.40856831674427124,1.7010768434410897,1.8279936212323233,1.6853286046228213,1.2056896538270623,1.441497282602954,1.4771992047318825,0.19597429388659612,1.674374740020848,1.042447137912117
0.37264046006761603,1.5490308885171138,1.8279936212323233,1.6853286046228213,1.2267438358955651,1.441497282602954,1.604507059306305,0.18940946513318752,1.674374740020848,1.0679281744543958
0.3123777492967467,1.350137292945138,1.8577342273556026,1.794300409783154,1.0900470423823923,0.9645072921558133,1.604507059306305,0.21590897739341808,1.6647857661537708,1.0313954464591708
0.39103744507228244,1.8674034865678144,1.8113818226031584,1.887838914476322,1.2793865238889817,0.6285533416856129,1.604507059306305,0.1889928906625287,1.5950639446921209,1.042447137912117
0.34491967362964404,1.952407563689323,1.9222067498394166,1.7966647432642717,1.1302421496873194,1.9391417531756108,1.471655709234037,0.20365856955535652,1.5963875164149564,1.00815131930327
0.35707302805398894,1.9982418213135875,1.892487703235001,1.8113430748428385,1.1179011499595697,0.9890636696287213,1.5765474380281503,0.19559285801438603,1.82794548581431,0.9588321863447697
0.3897871175911995,1.1078480878698553,1.812305187185157,1.9116074826123524,1.1225761609165337,1.0742304820846433,1.5822292843632817,0.1924331276991792,1.9867363729767618,1.1538078101872447
0.3388151305097893,1.977521603647752,1.806383414436629,1.8068742295812918,1.05582624014926,0.9948636024479778,1.9306097810905205,0.21780640390213654,1.268929540480753,1.111993556331142
0.3897871175911995,1.1078480878698553,1.812305187185157,1.9116074826123524,1.3519242716306954,1.0742304820846433,1.5590026221742819,0.1924331276991792,1.9867363729767618,1.1538078101872447
0.3897871175911995,1.1078480878698553,1.812305187185157,1.9116074826123524,1.310804489889579,1.0742304820846433,1.5822292843632817,0.1924331276991792,1.9867363729767618,1.2637294459007173
0.3897871175911995,1.9627000851158616,1.9167155032126624,1.9116074826123524,1.0530104556727569,0.7562733452532268,1.5578323097386046,0.18314430766454642,1.6465232581697264,0.9588321863447697
0.35707302805398894,1.9982418213135875,1.892487703235001,1.8113430748428385,0.7958270699775865,1.1696641526863698,1.5765474380281503,0.2320205211839953,1.82794548581431,0.9588321863447697
0.31377795869579095,1.9627000851158616,1.9167155032126624,1.9116074826123524,0.945024261789072,0.6331380691880327,1.5578323097386046,0.1927300523197802,1.5593881076852085,0.9588321863447697
0.34491967362964404,1.952407563689323,1.782946992972024,1.7966647432642717,0.8460658447748984,1.9391417531756108,1.471655709234037,0.20365856955535652,1.97975612175695,1.0609599055333667
0.36725580799004254,1.8281661397776694,1.7646768964608046,1.7893393800126352,1.5607686698026466,1.7073887805562409,1.5340737571425689,0.20365856955535652,1.5980237665401695,1.1606196387739065
0.3734616454510418,1.795962377920947,1.8279936212323233,1.7978263084825672,1.8182905517293368,1.441497282602954,1.604507059306305,0.25534422854560607,1.674374740020848,1.0493913306486111
0.3195393522731817,1.6147220936862317,1.8507008166498342,1.887838914476322,0.9595150823991825,1.9444523064933088,1.5640283928131642,0.21031456722142755,1.8438224800757395,1.042447137912117
0.37264046006761603,1.5490308885171138,1.8279936212323233,1.6853286046228213,1.61115089642676,1.441497282602954,1.569909412240196,0.18940946513318752,1.674374740020848,1.0679281744543958
0.37264046006761603,1.6243645938686786,1.8279936212323233,1.889317700859955,1.2267438358955651,1.441497282602954,1.604507059306305,0.18940946513318752,1.674374740020848,1.042447137912117
0.37264046006761603,1.3254647658004735,1.8279936212323233,1.6853286046228213,1.2267438358955651,1.7416458709920117,1.604507059306305,0.18940946513318752,1.674374740020848,1.0679281744543958
0.3613401260314093,1.557705448214708,1.892487703235001,1.9799770891199546,1.0966526085011772,1.1696641526863698,1.846896585932424,0.17916763062624066,1.9857366306566748,1.0537268287707129
0.3765558725831689,1.5405571773687416,1.8279936212323233,1.887838914476322,1.7941937394754508,1.498427613969858,1.5640283928131642,0.1889928906625287,1.5950639446921209,1.042447137912117
0.3897871175911995,1.9627000851158616,1.9167155032126624,1.9116074826123524,1.1225761609165337,0.8477570515172929,1.5578323097386046,0.21258929898333095,1.6465232581697264,0.9588321863447697
0.34491967362964404,1.952407563689323,1.9222067498394166,1.7886027738444072,1.2267438358955651,1.0051173853772128,1.5890529751465765,0.17154305068014547,1.5963875164149564,1.00815131930327
0.40856831674427124,1.8645667292529728,1.7897072957331321,1.6853286046228213,1.1569934836913667,1.5523104728449484,1.683819574310329,0.19597429388659612,1.7781327554778392,1.042447137912117
0.3897871175911995,1.8736922201821047,1.892487703235001,1.8189853381317056,1.0909266905623725,1.167062936611913,1.5822292843632817,0.1924331276991792,1.9867363729767618,1.1538078101872447
0.36021564017145913,1.952407563689323,1.9222067498394166,1.949085688353453,1.2942205377918534,1.9391417531756108,1.471655709234037,0.20365856955535652,1.5963875164149564,1.00815131930327
0.3713958833989084,1.8343535990013027,1.9001939532130172,1.812710000953079,1.0969090102934707,1.8554676758521618,1.7554487878419622,0.1790970012834886,1.8806920429217482,1.00815131930327
0.34491967362964404,1.7490816099137543,1.9222067498394166,1.7966647432642717,1.3223608237769668,1.9391417531756108,1.471655709234037,0.20365856955535652,1.5279559472371242,0.9512553108738682
0.2790539401482257,1.761564690900353,1.8279936212323233,1.7955941580421513,1.2267438358955651,0.8595094677724769,1.8408070353634038,0.19857252804858244,1.4958670199262685,1.0774941465713403
0.35707302805398894,1.9982418213135875,1.892487703235001,1.8113430748428385,0.7505549275732046,1.1696641526863698,1.5765474380281503,0.2320205211839953,1.82794548581431,0.9588321863447697
0.3613401260314093,1.7326635550821181,1.892487703235001,1.9799770891199546,1.0966526085011772,1.1696641526863698,1.846896585932424,0.17916763062624066,1.9857366306566748,1.0537268287707129
0.3388151305097893,1.977521603647752,1.776351305100452,1.8068742295812918,1.3386693564944292,0.9948636024479778,1.9306097810905205,0.21780640390213654,1.268929540480753,1.111993556331142
0.3897871175911995,1.1078480878698553,1.812305187185157,1.9116074826123524,1.4539525695027617,1.0742304820846433,1.4866564407416272,0.20365856955535652,1.9867363729767618,1.2637294459007173
0.36725580799004254,1.8281661397776694,1.7646768964608046,1.7893393800126352,1.310804489889579,1.7073887805562409,1.5822292843632817,0.1924331276991792,1.5980237665401695,1.1606196387739065
0.37264046006761603,1.1396019575971221,1.8279936212323233,1.6853286046228213,1.2267438358955651,1.525922506446345,1.604507059306305,0.18940946513318752,1.674374740020848,1.0679281744543958
0.34491967362964404,1.952407563689323,1.8378997824775196,1.7886027738444072,1.1915440203133514,1.0051173853772128,1.5890529751465765,0.17693490156423972,1.5963875164149564,1.00815131930327
0.3521915992234805,1.9627000851158616,1.9167155032126624,1.9116074826123524,1.0037762158739119,0.6331380691880327,1.5578323097386046,0.1927300523197802,1.5593881076852085,1.0156624396214093
0.38871917813143275,1.132463188670481,1.9624312707038245,1.951793528505453,1.1698318126505476,1.9391417531756108,1.471655709234037,0.1768881993869398,1.5963875164149564,1.00815131930327
0.37264046006761603,1.3254647658004735,1.8279936212323233,1.6853286046228213,1.2267438358955651,1.7416458709920117,1.604507059306305,0.18940946513318752,1.674374740020848,1.0679281744543958
0.35707302805398894,1.8974508625386546,1.8303570420805906,1.8113430748428385,1.571214658559323,1.1696641526863698,1.5765474380281503,0.2320205211839953,1.82794548581431,1.0388339047190382
0.37264046006761603,1.3254647658004735,1.8279936212323233,1.9800723629816939,1.2267438358955651,1.7416458709920117,1.604507059306305,0.18940946513318752,1.674374740020848,1.0679281744543958
0.3765558725831689,1.5405571773687416,1.8279936212323233,1.8002547939700047,1.7941937394754508,0.7837459362332748,1.5640283928131642,0.1889928906625287,1.5950639446921209,1.042447137912117
0.36021564017145913,1.952407563689323,1.9222067498394166,1.949085688353453,1.2942205377918534,1.9391417531756108,1.5590026221742819,0.20365856955535652,1.587648439132573,1.00815131930327
0.37694792019112705,1.296431767732506,1.812305187185157,1.9116074826123524,1.310804489889579,1.1696641526863698,1.846896585932424,0.17916763062624066,1.7350011360412763,1.0537268287707129
0.3910493062971407,1.9982418213135875,1.892487703235001,1.8113430748428385,0.7958270699775865,1.1696641526863698,1.5765474380281503,0.2320205211839953,1.82794548581431,0.9588321863447697
0.3734616454510418,1.795962377920947,1.8279936212323233,1.7978263084825672,1.494889616385954,1.441497282602954,1.549405939765478,0.25534422854560607,1.674374740020848,1.0493913306486111
0.3897871175911995,1.8736922201821047,1.892487703235001,1.8189853381317056,1.0909266905623725,1.2954276503923674,1.604507059306305,0.1924331276991792,1.9867363729767618,0.9111814817583989
0.34491967362964404,1.952407563689323,1.9222067498394166,1.7886027738444072,1.302977892861899,1.0051173853772128,1.5890529751465765,0.17154305068014547,1.5963875164149564,0.9588321863447697
0.3487986181096069,1.9757780627207204,1.9167155032126624,1.9116074826123524,0.945024261789072,0.6331380691880327,1.5578323097386046,0.1927300523197802,1.5593881076852085,1.00815131930327
0.29597422022645686,1.9465662241995405,1.9222067498394166,1.7886027738444072,1.2267438358955651,1.0051173853772128,1.5890529751465765,0.17154305068014547,1.5963875164149564,1.00815131930327
0.31377795869579095,1.9627000851158616,1.9167155032126624,1.9116074826123524,0.945024261789072,0.6331380691880327,1.5578323097386046,0.1927300523197802,1.5593881076852085,0.9588321863447697
0.3613401260314093,1.557705448214708,1.892487703235001,1.9799770891199546,1.0966526085011772,1.1696641526863698,1.846896585932424,0.17916763062624066,1.8607177851303403,1.0537268287707129
0.3734616454510418,1.9527197524673305,1.8279936212323233,1.7978263084825672,1.0267170135999928,1.441497282602954,1.604507059306305,0.25534422854560607,1.703907761581272,1.0493913306486111
0.3897871175911995,1.1078480878698553,1.812305187185157,1.8916868985160127,1.3519242716306954,1.0742304820846433,1.604507059306305,0.1924331276991792,1.9867363729767618,1.1538078101872447
0.3897871175911995,1.7588176727029508,1.9167155032126624,1.9116074826123524,1.0530104556727569,0.7562733452532268,1.5578323097386046,0.18314430766454642,1.2721533352469758,0.9588321863447697
0.4293134629485478,1.8529789477642322,1.8912724936304997,1.9251589018016158,1.0294916967742704,0.9385058643860109,1.8499968656691224,0.19993908996819437,1.7713182983316988,1.0985512634024384
0.35707302805398894,1.9982418213135875,1.892487703235001,1.949085688353453,0.7963677737348558,1.1696641526863698,1.5765474380281503,0.2320205211839953,1.82794548581431,0.9588321863447697
0.3613401260314093,1.8674034865678144,1.892487703235001,1.9004749080521097,1.0966526085011772,1.1696641526863698,1.846896585932424,0.17916763062624066,1.9857366306566748,1.0537268287707129
0.36725580799004254,1.8281661397776694,1.7646768964608046,1.7893393800126352,1.0267170135999928,1.7073887805562409,1.5340737571425689,0.20365856955535652,1.5980237665401695,1.41977390509167
0.3104066280210627,1.9627000851158616,1.9167155032126624,1.9116074826123524,0.9977081810608941,0.6331380691880327,1.4771992047318825,0.1927300523197802,1.5593881076852085,0.9588321863447697
0.40856831674427124,1.8645667292529728,1.7897072957331321,1.6853286046228213,1.1569934836913667,1.5859214573335925,1.683819574310329,0.18188866056822903,1.7781327554778392,1.042447137912117
0.3897871175911995,1.761564690900353,1.812305187185157,1.9116074826123524,1.0649356180533083,0.8595094677724769,1.7541443213358832,0.1924331276991792,1.9867363729767618,1.1028421464398899
0.40856831674427124,1.8645667292529728,1.7897072957331321,1.6853286046228213,1.1569934836913667,1.7073887805562409,1.683819574310329,0.19597429388659612,1.5980237665401695,1.042447137912117
0.36021564017145913,1.952407563689323,1.9195097546080124,1.949085688353453,0.6543460331262688,1.9391417531756108,1.5906789409144735,0.21130800683415138,1.777920972273027,1.00815131930327
0.3734616454510418,1.795962377920947,1.8279936212323233,1.887838914476322,1.8182905517293368,1.441497282602954,1.604507059306305,0.21916702748017328,1.728692409743669,1.0493913306486111
0.3195393522731817,1.6147220936862317,1.8507008166498342,1.7978263084825672,0.9595150823991825,1.6360506396406373,1.5640283928131642,0.21031456722142755,1.674374740020848,1.042447137912117
0.3388151305097893,1.8300605585670497,1.7810740377665328,1.8068742295812918,1.3386693564944292,0.9948636024479778,1.9824280065199806,0.21827865007832326,1.268929540480753,1.111993556331142
0.34491967362964404,1.952407563689323,1.9222067498394166,1.7886027738444072,1.302977892861899,1.0051173853772128,1.5890529751465765,0.17154305068014547,1.602067209253329,0.9588321863447697
0.40856831674427124,1.8028463909505237,1.7897072957331321,1.6853286046228213,1.1569934836913667,1.5859214573335925,1.683819574310329,0.18188866056822903,1.7781327554778392,1.042447137912117
0.3104066280210627,1.8496050516431968,1.9458963017871485,1.9116074826123524,0.9977081810608941,0.6331380691880327,1.4771992047318825,0.1927300523197802,1.3123283622689224,0.9588321863447697
0.3706311448360299,1.8281661397776694,1.7646768964608046,1.7893393800126352,1.310804489889579,1.8396036800040751,1.5822292843632817,0.22513879416037083,1.6883892900411808,1.1606196387739065
0.3734616454510418,1.795962377920947,1.8279936212323233,1.9116074826123524,1.8182905517293368,1.441497282602954,1.604507059306305,0.2337944035596723,1.728692409743669,1.038990841645744
0.36021564017145913,1.952407563689323,1.9222067498394166,1.8159444278183228,1.2942205377918534,1.9391417531756108,1.5590026221742819,0.20365856955535652,1.587648439132573,1.00815131930327
0.3777260179417082,1.761564690900353,1.8279936212323233,1.7955941580421513,0.8893695521844796,0.8595094677724769,1.8408070353634038,0.19857252804858244,1.4958670199262685,1.0774941465713403
0.36725580799004254,1.8281661397776694,1.833973294724021,1.7893393800126352,1.310804489889579,1.7073887805562409,1.5375709813663254,0.1924331276991792,1.5966376415624892,1.1606196387739065
0.33723741994570544,1.952407563689323,1.8378997824775196,1.7886027738444072,1.2882586876577469,1.0051173853772128,1.8423039993110615,0.17693490156423972,1.5963875164149564,1.00815131930327
0.35349013817905256,1.9527197524673305,1.8279936212323233,1.7978263084825672,1.1675860809816918,0.9645072921558133,1.604507059306305,0.24013062255974,1.863747936335581,1.0560489948897591
0.4293134629485478,1.8529789477642322,1.8912724936304997,1.9251589018016158,1.494889616385954,0.9385058643860109,1.549405939765478,0.19993908996819437,1.5218798841057306,1.0985512634024384
0.38066711840115774,1.795962377920947,1.8279936212323233,1.7978263084825672,1.0294916967742704,1.441497282602954,1.8499968656691224,0.25534422854560607,1.674374740020848,1.0493913306486111
0.4099840315218547,1.8659279148711483,1.8113818226031584,1.6853286046228213,1.4632065671515007,1.311225211464005,1.6266589902672441,0.1922846069418244,1.9236867642284026,1.0493913306486111
0.35707302805398894,1.9982418213135875,1.892487703235001,1.7886027738444072,1.2267438358955651,1.1696641526863698,1.5313861809053058,0.2004413290977111,1.82794548581431,0.9588321863447697
0.29597422022645686,1.9465662241995405,1.9222067498394166,1.976489575053443,1.2267438358955651,1.0051173853772128,1.5890529751465765,0.19993908996819437,1.5963875164149564,1.00815131930327
0.37264046006761603,1.1396019575971221,1.8279936212323233,1.6853286046228213,1.2267438358955651,1.525922506446345,1.6322300965179437,0.1402299386660155,1.674374740020848,1.0679281744543958
0.38871917813143275,1.132463188670481,1.9624312707038245,1.951793528505453,1.1698318126505476,1.1696641526863698,1.471655709234037,0.19891529871232858,1.5963875164149564,0.9588321863447697
0.3771080213431605,1.9982418213135875,1.892487703235001,1.8113430748428385,0.7958270699775865,1.9391417531756108,1.5765474380281503,0.2320205211839953,1.82794548581431,1.00815131930327
0.30676548045046237,1.9627000851158616,1.9079455846993139,1.9116074826123524,0.945024261789072,0.6331380691880327,1.5578323097386046,0.2145747924208478,1.5593881076852085,0.9588321863447697
0.36105182939207453,1.8674034865678144,1.9014705491725066,1.9609687714673814,1.2793865238889817,0.9860047847283079,1.471655709234037,0.17916763062624066,1.7409371114443504,0.9881649962938095
0.3734616454510418,1.795962377920947,1.8279936212323233,1.7978263084825672,1.494889616385954,1.441497282602954,1.549405939765478,0.25534422854560607,1.550440619774203,1.0493913306486111
0.30949057487070003,1.3254647658004735,1.8279936212323233,1.8002547939700047,1.7941937394754508,0.7837459362332748,1.5640283928131642,0.19225928230493075,1.5950639446921209,1.0679281744543958
0.37264046006761603,1.3254647658004735,1.8279936212323233,1.9800723629816939,1.2267438358955651,1.7416458709920117,1.604507059306305,0.18940946513318752,1.674374740020848,1.0679281744543958
0.36021564017145913,1.952407563689323,1.8594591355871457,1.949085688353453,1.2942205377918534,1.9391417531756108,1.5590026221742819,0.21304310723854228,1.9153453962203126,1.00815131930327
0.36725580799004254,1.8281661397776694,1.7646768964608046,1.7893393800126352,1.310804489889579,1.7073887805562409,1.5822292843632817,0.1924331276991792,1.5980237665401695,1.1606196387739065
0.30462944493591315,1.952407563689323,1.9222067498394166,1.7886027738444072,0.8049678578352677,1.0051173853772128,1.5890529751465765,0.17154305068014547,1.5963875164149564,0.9588321863447697
0.36632681936575734,1.296431767732506,1.9167155032126624,1.9116074826123524,1.310804489889579,0.7562733452532268,1.6611026840022454,0.17916763062624066,1.7350011360412763,0.9588321863447697
0.3897871175911995,1.7588176727029508,1.9167155032126624,1.9116074826123524,1.0530104556727569,0.7562733452532268,1.5578323097386046,0.18314430766454642,1.6247696693607754,0.9588321863447697
0.3388151305097893,1.977521603647752,1.776351305100452,1.8068742295812918,1.4539525695027617,0.9948636024479778,1.9242761731983953,0.21780640390213654,1.9867363729767618,1.2775046105757473
0.3897871175911995,0.9848085110596636,1.812305187185157,1.9116074826123524,1.3386693564944292,1.1159290992716973,1.4866564407416272,0.20365856955535652,1.268929540480753,1.2637294459007173
0.37794230401731616,1.7326635550821181,1.8279936212323233,1.6853286046228213,1.2267438358955651,1.525922506446345,1.604507059306305,0.18940946513318752,1.9857366306566748,1.0679281744543958
0.3613401260314093,1.1396019575971221,1.892487703235001,1.9799770891199546,1.0966526085011772,1.1696641526863698,1.5222747438276865,0.17952182919223972,1.4365157670282258,1.0537268287707129
0.34358075025942014,1.42723608020343,1.8912724936304997,1.7463832554649543,0.9595150823991825,1.6360506396406373,1.5640283928131642,0.17929326341446103,1.674374740020848,1.042447137912117
0.3897871175911995,1.1078480878698553,1.812305187185157,1.6853286046228213,1.3519242716306954,1.7097645615917219,1.604507059306305,0.1924331276991792,1.9867363729767618,1.1538078101872447
0.3613401260314093,1.8674034865678144,1.892487703235001,1.9004749080521097,1.0966526085011772,1.1696641526863698,1.846896585932424,0.16252492765326265,1.9210461385743447,1.0537268287707129
0.3859392383627341,1.0448971245912053,1.8279936212323233,1.6853286046228213,1.2267438358955651,1.525922506446345,1.604507059306305,0.19713439270243197,1.674374740020848,1.0679281744543958
0.3506248877142935,1.557705448214708,1.892487703235001,1.9799770891199546,1.03187558952952,1.1696641526863698,1.846896585932424,0.17916763062624066,1.6086361073669382,1.0537268287707129
0.4240280424254952,1.795962377920947,1.8279936212323233,1.887838914476322,1.8182905517293368,1.441497282602954,1.604507059306305,0.21916702748017328,1.8159877225148793,1.0493913306486111
0.3897871175911995,1.130122314153614,1.812305187185157,1.9116074826123524,1.4539525695027617,0.6331380691880327,1.4866564407416272,0.20365856955535652,1.9867363729767618,1.2637294459007173
0.3487986181096069,1.9757780627207204,1.9167155032126624,1.9116074826123524,0.945024261789072,1.0742304820846433,1.5578323097386046,0.1927300523197802,1.5593881076852085,1.0238067922439094
0.3613401260314093,1.557705448214708,1.892487703235001,1.9799770891199546,0.9840509690004545,1.1696641526863698,1.846896585932424,0.17916763062624066,1.9415816214966835,1.0537268287707129
0.3897871175911995,1.1078480878698553,1.812305187185157,1.8525745869928179,0.8345359699456378,1.3647678701705797,1.604507059306305,0.1924331276991792,1.9867363729767618,1.1538078101872447
0.3897871175911995,0.8837411524745324,1.812305187185157,1.9066348045030577,1.3519242716306954,1.0272443950657308,1.604507059306305,0.1924331276991792,1.9867363729767618,1.1722594838365732
0.4086771416298849,1.658035516363863,1.8279936212323233,1.794300409783154,1.1675860809816918,1.525922506446345,1.5590026221742819,0.24013062255974,1.8102422786587378,1.0679281744543958
0.3897871175911995,1.8736922201821047,1.874556871692535,1.8189853381317056,1.0909266905623725,1.9391417531756108,1.5590026221742819,0.20365856955535652,1.587648439132573,1.00815131930327
0.36021564017145913,1.952407563689323,1.9222067498394166,1.949085688353453,1.2119806267746795,1.2954276503923674,1.604507059306305,0.17281734915405803,1.9867363729767618,0.9111814817583989
0.3613401260314093,1.4263262293628722,1.892487703235001,1.7849647951295033,1.0966526085011772,1.1696641526863698,1.846896585932424,0.17916763062624066,1.9857366306566748,1.00815131930327
0.38037345789681104,1.0997741169584734,1.93713615141797,1.9146927047825661,1.1337676245417456,0.9275483998981269,1.4753893543568173,0.22703750180675342,1.8084684500375632,1.042447137912117
0.34491967362964404,1.952407563689323,1.8378997824775196,1.7886027738444072,1.1762223674495773,0.9592409764881304,1.5890529751465765,0.17693490156423972,1.5963875164149564,1.00815131930327
0.3613401260314093,1.6547877215492748,1.892487703235001,1.9799770891199546,1.0966526085011772,0.9830645829492652,1.8857594320901927,0.17916763062624066,1.8607177851303403,1.0537268287707129
0.3613401260314093,1.7326635550821181,1.892487703235001,1.9799770891199546,1.0966526085011772,1.1696641526863698,1.846896585932424,0.18064304570516054,1.9857366306566748,1.0537268287707129
0.36021564017145913,1.8009756375916997,1.9222067498394166,1.949085688353453,1.2942205377918534,1.7141453794235055,1.5670253339728575,0.20365856955535652,1.587648439132573,1.00815131930327
0.3487986181096069,1.9757780627207204,1.9167155032126624,1.9116074826123524,0.945024261789072,0.6331380691880327,1.5578323097386046,0.1927300523197802,1.5593881076852085,1.00815131930327
0.35707302805398894,1.9982418213135875,1.892487703235001,1.8356446012734522,0.7142772080615003,1.1696641526863698,1.5353751658321282,0.2320205211839953,1.82794548581431,0.9588321863447697
0.3548874865865087,1.3940320744261347,1.8912724936304997,1.7463832554649543,0.9595150823991825,1.6360506396406373,1.5640283928131642,0.17929326341446103,1.674374740020848,1.042447137912117
0.37794230401731616,1.7326635550821181,1.8279936212323233,1.6853286046228213,1.3386693564944292,1.525922506446345,1.604507059306305,0.21632681707053877,1.9857366306566748,1.0679281744543958
0.3897871175911995,0.958137900363925,1.812305187185157,1.9721033986133867,1.2267438358955651,1.1159290992716973,1.4866564407416272,0.18940946513318752,1.268929540480753,1.2637294459007173
0.4240280424254952,1.795962377920947,1.8279936212323233,1.859862090022594,1.8182905517293368,1.441497282602954,1.604507059306305,0.21916702748017328,1.7864570679028093,1.0493913306486111
0.36021564017145913,1.952407563689323,1.8594591355871457,1.949085688353453,1.2942205377918534,1.9994990306897182,1.5590026221742819,0.2142061978940834,1.9153453962203126,0.9888789235793046
0.3897871175911995,1.1078480878698553,1.812305187185157,1.6853286046228213,1.3519242716306954,1.7097645615917219,1.604507059306305,0.1924331276991792,1.4744417754257735,1.1538078101872447
0.32047654821769905,1.350137292945138,1.9648804069642154,1.9609687714673814,1.0900470423823923,1.0370015635231533,1.471655709234037,0.1889928906625287,1.6488938029768299,0.9974123396698736
0.3897871175911995,1.1078480878698553,1.812305187185157,1.6853286046228213,1.3519242716306954,1.7097645615917219,1.704080951678845,0.1924331276991792,1.9867363729767618,1.1722594838365732
0.36021564017145913,1.557705448214708,1.892487703235001,1.9799770891199546,1.03187558952952,1.1696641526863698,1.5590026221742819,0.17871883427812815,1.6086361073669382,1.0537268287707129
0.3506248877142935,1.952407563689323,1.8594591355871457,1.949085688353453,1.3301060596731789,1.9391417531756108,1.9073050823227902,0.21304310723854228,1.9748874198742157,1.00815131930327
0.36725580799004254,1.9757780627207204,1.821440232641212,1.8906518782530233,0.945024261789072,0.6331380691880327,1.697784196363641,0.18335370895898118,1.5593881076852085,1.00815131930327
0.4240280424254952,1.795962377920947,1.8279936212323233,1.8688454193425996,1.8182905517293368,1.441497282602954,1.604507059306305,0.2591738000078104,1.8159877225148793,1.0493913306486111
0.30676548045046237,1.9627000851158616,1.9079455846993139,1.9116074826123524,0.945024261789072,0.7537546071008542,1.5578323097386046,0.2145747924208478,1.5593881076852085,0.9588321863447697
0.34358075025942014,1.42723608020343,1.9669973866893862,1.7463832554649543,1.0294916967742704,1.6360506396406373,1.5640283928131642,0.18737010361642112,1.674374740020848,1.042447137912117
0.40856831674427124,1.9781289083357512,1.7897072957331321,1.6853286046228213,1.117181797191609,1.7472488216143,1.683819574310329,0.18188866056822903,1.9134875890483487,1.042447137912117
0.42613402794678357,1.508818210037533,1.9624312707038245,1.9032468955687394,1.1179011499595697,1.2591904110288379,1.5765474380281503,0.2696084905352384,1.6169588713392569,1.091932595134617
0.3897871175911995,1.6985219746104039,1.874556871692535,1.7217407124878856,1.0909266905623725,1.9391417531756108,1.5590026221742819,0.2370726345077194,1.587648439132573,1.00815131930327
0.39548096869636057,1.8028463909505237,1.7897072957331321,1.8948283302021374,1.1569934836913667,1.5859214573335925,1.8710703468600742,0.20485855780270115,1.7781327554778392,1.042447137912117
0.4494442214978281,1.4791582257588276,1.8594591355871457,1.965843744528757,1.0947948712725215,1.9391417531756108,1.5810312492192933,0.20630083287223686,1.9153453962203126,1.0049105308723287
0.38871917813143275,1.132463188670481,1.9544492605272445,1.9533494579977448,1.1698318126505476,1.7560739534668104,1.471655709234037,0.1918270308216089,1.7460221482448857,1.0537268287707129
0.3388151305097893,1.977521603647752,1.776351305100452,1.8068742295812918,1.4539525695027617,0.9948636024479778,1.5590026221742819,0.21780640390213654,1.9867363729767618,1.2775046105757473
0.3388151305097893,1.952407563689323,1.8378997824775196,1.7886027738444072,1.2882586876577469,1.0051173853772128,1.8423039993110615,0.17693490156423972,1.5963875164149564,1.00815131930327
0.33723741994570544,1.977521603647752,1.776351305100452,1.8068742295812918,1.4539525695027617,0.9948636024479778,1.9242761731983953,0.21780640390213654,1.9867363729767618,1.2775046105757473
0.3897871175911995,0.9848085110596636,1.812305187185157,1.9116074826123524,1.3386693564944292,1.1159290992716973,1.4866564407416272,0.20365856955535652,1.268929540480753,1.2637294459007173
0.3422389242202917,1.9982418213135875,1.8574146186864449,1.9812925608796523,1.138341597165651,0.7593679459871092,1.5822292843632817,0.23224080248886345,1.672881170541397,1.038990841645744
0.4240280424254952,1.795962377920947,1.8279936212323233,1.887838914476322,1.2567842866889811,0.6099625968155903,1.8013304953217872,0.21657758906008753,1.8159877225148793,1.0493913306486111
0.36021564017145913,1.8009756375916997,1.8163259002291918,1.949085688353453,1.2942205377918534,1.7141453794235055,1.5670253339728575,0.20365856955535652,1.587648439132573,1.00815131930327
0.36632681936575734,1.3523460649264718,1.9167155032126624,1.9116074826123524,1.310804489889579,0.7562733452532268,1.6611026840022454,0.17916763062624066,1.7350011360412763,0.9588321863447697
0.3897871175911995,1.8736922201821047,1.874556871692535,1.869105369438211,1.0909266905623725,1.9021667105621947,1.5590026221742819,0.20365856955535652,1.587648439132573,1.00815131930327
0.3104066280210627,1.8496050516431968,1.9458963017871485,1.9116074826123524,0.9451081256757486,0.6111693240830719,1.4771992047318825,0.1927300523197802,1.3123283622689224,0.9588321863447697
0.42146939442274134,1.1078480878698553,1.8707001632787505,1.6853286046228213,1.3519242716306954,1.7097645615917219,1.604507059306305,0.1924331276991792,1.9867363729767618,1.2024829994843147
0.3613401260314093,1.4263262293628722,1.892487703235001,1.7849647951295033,1.355788090790103,1.441497282602954,1.846896585932424,0.17916763062624066,1.7433945987225141,1.064896701854002
0.3506248877142935,1.557705448214708,1.892487703235001,1.9799770891199546,1.03187558952952,1.317754341214882,1.846896585932424,0.17916763062624066,1.6086361073669382,1.0537268287707129
0.3578348746300819,1.6132906232960555,1.892487703235001,1.9799770891199546,1.004690671040084,1.1696641526863698,1.846896585932424,0.17916763062624066,1.7583075323466828,0.9717493550450305
0.44263892303734464,1.6136331141629274,1.8279936212323233,1.7978263084825672,1.1675860809816918,0.9645072921558133,1.604507059306305,0.2332334426401922,1.863747936335581,1.0560489948897591
0.36789440003292095,1.8281661397776694,1.833973294724021,1.7893393800126352,1.310804489889579,1.7073887805562409,1.6273595788550597,0.1924331276991792,1.5966376415624892,1.1606196387739065
0.3487986181096069,1.0448971245912053,1.9167155032126624,1.6853286046228213,1.2267438358955651,1.525922506446345,1.604507059306305,0.18884227418888,1.674374740020848,1.0679281744543958
0.4179604989695256,1.95708562625541,1.8279936212323233,1.8113430748428385,0.7958270699775865,0.8790293834232871,1.8296368482265728,0.2320205211839953,1.82794548581431,1.080108927662244
0.3734616454510418,1.795962377920947,1.8279936212323233,1.7893393800126352,1.494889616385954,1.441497282602954,1.549405939765478,0.25534422854560607,1.5980237665401695,1.0665282414631307
0.36725580799004254,1.8281661397776694,1.7646768964608046,1.7978263084825672,1.310804489889579,1.7073887805562409,1.5822292843632817,0.1924331276991792,1.550440619774203,1.1606196387739065
0.3734616454510418,1.9982418213135875,1.892487703235001,1.8113430748428385,0.7958270699775865,1.950692167416612,1.5765474380281503,0.2320205211839953,1.82794548581431,1.00815131930327
0.3897871175911995,0.9848085110596636,1.812305187185157,1.9116074826123524,1.195404753196121,1.1692758731260644,1.4866564407416272,0.20365856955535652,1.8084684500375632,1.2637294459007173
0.36021564017145913,1.952407563689323,1.9222067498394166,1.8159444278183228,1.284529572011423,1.9391417531756108,1.6621015201521194,0.20365856955535652,1.587648439132573,1.00815131930327
0.3279178141047806,1.8496050516431968,1.9458963017871485,1.9116074826123524,0.9977081810608941,0.6331380691880327,1.4771992047318825,0.1927300523197802,1.584732152910995,0.9588321863447697
0.34491967362964404,1.952407563689323,1.9222067498394166,1.7886027738444072,1.4062869742403579,1.0051173853772128,1.5416693035481974,0.17154305068014547,1.602067209253329,0.9588321863447697
0.3897871175911995,1.1078480878698553,1.7640805192584343,1.6853286046228213,1.3517297707105935,1.9658662201909836,1.604507059306305,0.2128254456980735,1.906200007077228,1.1538078101872447
0.3725371025615017,0.8837411524745324,1.812305187185157,1.9066348045030577,1.3519242716306954,1.0272443950657308,1.604507059306305,0.1924331276991792,1.9867363729767618,1.1722594838365732
0.3439684742161764,1.7326635550821181,1.8279936212323233,1.6853286046228213,0.8893695521844796,1.525922506446345,1.604507059306305,0.1841381561573399,1.9857366306566748,1.0679281744543958
0.4293134629485478,1.8529789477642322,1.8912724936304997,1.9251589018016158,1.494889616385954,0.9958472658313259,1.549405939765478,0.19993908996819437,1.5218798841057306,1.0985512634024384
0.3859392383627341,1.2682791485435665,1.8279936212323233,1.9116074826123524,1.2267438358955651,1.525922506446345,1.604507059306305,0.19713439270243197,1.674374740020848,1.130041799556026
0.3897871175911995,1.1078480878698553,1.812305187185157,1.8525745869928179,0.7657369135207033,1.3647678701705797,1.6588780214270569,0.200972158005396,1.9867363729767618,1.1538078101872447
0.3653551517211957,1.9982418213135875,1.892487703235001,1.7931260924500019,1.2267438358955651,1.1114536951573133,1.5313861809053058,0.18940946513318752,1.8905976333939067,1.0679281744543958
0.36021564017145913,1.8009756375916997,1.812305187185157,1.9116074826123524,1.2942205377918534,1.7141453794235055,1.5670253339728575,0.20365856955535652,1.587648439132573,1.00815131930327
0.34970104026720983,1.795962377920947,1.8153993740489662,1.9116074826123524,1.6264674895501023,1.441497282602954,1.604507059306305,0.1768881993869398,1.9308104092274594,1.038990841645744
0.38037345789681104,1.0997741169584734,1.93713615141797,1.9146927047825661,1.1337676245417456,0.9275483998981269,1.4753893543568173,0.22703750180675342,1.8084684500375632,1.042447137912117
0.34491967362964404,1.8281661397776694,1.9222067498394166,1.9788395064500828,1.310804489889579,1.7634967571544977,1.5822292843632817,0.1924331276991792,1.5980237665401695,1.0069675754987502
0.3717056637850001,1.9781289083357512,1.892487703235001,1.6853286046228213,1.355788090790103,1.7472488216143,1.683819574310329,0.21014319117321742,1.892207506781329,1.064896701854002
0.36815688773796934,1.7326635550821181,1.8279936212323233,1.6853286046228213,1.4268036597570783,1.525922506446345,1.604507059306305,0.21632681707053877,1.8793731384397376,1.0606053675882663
0.3195393522731817,1.557705448214708,1.892487703235001,1.9102822200923633,1.03187558952952,1.1696641526863698,1.5590026221742819,0.17871883427812815,1.6086361073669382,1.0537268287707129
0.4494442214978281,1.4791582257588276,1.8594591355871457,1.8047887342048174,1.0947948712725215,1.9165643416631637,1.5810312492192933,0.20630083287223686,1.9153453962203126,1.0049105308723287
0.36789440003292095,1.8281661397776694,1.833973294724021,1.965843744528757,1.310804489889579,1.7073887805562409,1.6273595788550597,0.15346575105310176,1.5966376415624892,1.1606196387739065
0.3783712787825999,1.2682791485435665,1.8279936212323233,1.9116074826123524,1.2835431885926827,1.525922506446345,1.604507059306305,0.19713439270243197,1.674374740020848,1.130041799556026
0.38037345789681104,1.0997741169584734,1.93713615141797,1.9146927047825661,0.9311279713960328,0.8147918733392875,1.4753893543568173,0.25166968013933166,1.8084684500375632,1.042447137912117
0.3895820434485011,1.8444716384634132,1.852973105733152,1.916409752648241,0.945024261789072,0.5283368793013059,1.5706755539649955,0.1927300523197802,1.5593881076852085,1.0798490562161467
0.36725580799004254,1.9781289083357512,1.7897072957331321,1.6853286046228213,1.117181797191609,1.7472488216143,1.683819574310329,0.18188866056822903,1.9134875890483487,1.042447137912117
0.40856831674427124,1.9781289083357512,1.7897072957331321,1.6853286046228213,1.2267438358955651,1.7472488216143,1.604507059306305,0.1954257149370596,1.9134875890483487,1.0679281744543958
0.376179538177737,1.95708562625541,1.8912724936304997,1.8113430748428385,0.9595150823991825,1.4867372271647077,1.8296368482265728,0.2320205211839953,1.82794548581431,1.080108927662244
0.40753359765345626,0.8985898166838396,1.8895329636049947,1.9066348045030577,1.3519242716306954,1.0272443950657308,1.604507059306305,0.1924331276991792,1.9867363729767618,1.3715946669966734
0.4240280424254952,1.795962377920947,1.8279936212323233,1.859862090022594,1.8182905517293368,1.441497282602954,1.604507059306305,0.21916702748017328,1.7864570679028093,1.0493913306486111
0.3613401260314093,1.4263262293628722,1.892487703235001,1.7849647951295033,1.355788090790103,1.441497282602954,1.846896585932424,0.17916763062624066,1.7755262213220995,1.064896701854002
0.4240280424254952,1.1078480878698553,1.8279936212323233,1.8688454193425996,0.7766206853458308,1.4717788256602284,1.6588780214270569,0.2623290205489617,1.9867363729767618,1.1538078101872447
0.3897871175911995,1.795962377920947,1.8197910354514915,1.8525745869928179,1.8182905517293368,1.441497282602954,1.604507059306305,0.18368353915507865,1.8159877225148793,1.0493913306486111
0.3619834853656708,1.9757780627207204,1.821440232641212,1.8906518782530233,0.945024261789072,0.6331380691880327,1.697784196363641,0.20300054920248092,1.5593881076852085,1.00815131930327
0.3104066280210627,1.8496050516431968,1.9458963017871485,1.9116074826123524,0.9451081256757486,0.7825421579024813,1.697784196363641,0.1927300523197802,1.3123283622689224,0.9588321863447697
0.42613402794678357,1.508818210037533,1.8594591355871457,1.9032468955687394,1.1179011499595697,1.2591904110288379,1.5810312492192933,0.2696084905352384,1.9153453962203126,1.091932595134617
0.48652953531655135,1.6053336086507892,1.9624312707038245,1.965843744528757,1.0947948712725215,1.9391417531756108,1.5765474380281503,0.20630083287223686,1.6169588713392569,1.0049105308723287
0.3897871175911995,1.881283983682129,1.7640805192584343,1.6853286046228213,1.2183283896672081,1.9658662201909836,1.604507059306305,0.2128254456980735,1.6178353427080792,1.1538078101872447
0.34491967362964404,1.7326635550821181,1.9222067498394166,1.7886027738444072,1.2267438358955651,0.9328974764261639,1.5416693035481974,0.17154305068014547,1.602067209253329,0.9086870467801091
0.40755882662818693,1.952407563689323,1.8279936212323233,1.6853286046228213,1.4062869742403579,1.525922506446345,1.604507059306305,0.2073796801411111,1.9857366306566748,0.9588321863447697
0.3515812254227048,1.795962377920947,1.8279936212323233,1.859862090022594,1.0294916967742704,1.6360506396406373,1.604507059306305,0.18737010361642112,1.7864570679028093,1.0493913306486111
0.4399176481602785,1.4791582257588276,1.8594591355871457,1.7889595205670847,1.0947948712725215,1.9391417531756108,1.9211847706798382,0.21441022042796562,1.9153453962203126,0.9588321863447697
0.30676548045046237,1.9627000851158616,1.9079455846993139,1.9116074826123524,0.945024261789072,0.7537546071008542,1.5810312492192933,0.2145747924208478,1.5593881076852085,1.0049105308723287
0.4450150056320426,1.8371611893369557,1.8279936212323233,1.8688454193425996,1.8182905517293368,1.0621298440331486,1.604507059306305,0.2591738000078104,1.6086361073669382,1.0493913306486111
0.36021564017145913,1.557705448214708,1.892487703235001,1.9799770891199546,1.03187558952952,1.441497282602954,1.5590026221742819,0.17871883427812815,1.8159877225148793,1.0537268287707129
0.3897871175911995,1.6985219746104039,1.874556871692535,1.7217407124878856,1.0909266905623725,1.9391417531756108,1.5590026221742819,0.2370726345077194,1.6371254294393354,1.00815131930327
0.32047654821769905,1.350137292945138,1.9648804069642154,1.9609687714673814,1.2267438358955651,1.0370015635231533,1.604507059306305,0.16435980918219742,1.674374740020848,0.9974123396698736
0.3859392383627341,1.2682791485435665,1.8279936212323233,1.9116074826123524,1.0900470423823923,1.7514324886063566,1.471655709234037,0.19713439270243197,1.6488938029768299,1.130041799556026
0.33723741994570544,1.7142629529863058,1.776351305100452,1.9301377079296316,1.4539525695027617,1.2341547709832363,1.9242761731983953,0.1924331276991792,1.9867363729767618,1.2775046105757473
0.3487986181096069,1.4384951656062042,1.9167155032126624,1.6839958597056899,1.2267438358955651,1.525922506446345,1.5670253339728575,0.18884227418888,1.674374740020848,1.0679281744543958
0.3897871175911995,1.1022315121034847,1.812305187185157,1.7471291805356066,0.7657369135207033,1.3647678701705797,1.4624800064482035,0.21304310723854228,1.9867363729767618,1.1925079834142203
0.4161644256110886,1.795962377920947,1.8279936212323233,1.887838914476322,1.2567842866889811,0.6099625968155903,1.8100771801780178,0.21657758906008753,1.8159877225148793,1.0493913306486111
0.40755882662818693,1.7326635550821181,1.8279936212323233,1.9135634551266238,1.2267438358955651,1.525922506446345,1.6621015201521194,0.20365856955535652,1.9857366306566748,1.00815131930327
0.3422389242202917,1.9924466218335166,1.9269467989558373,1.794300409783154,1.0267170135999928,1.2189341103559468,1.5590026221742819,0.23224080248886345,1.926867068030117,1.038990841645744
0.3897871175911995,1.1078480878698553,1.812305187185157,1.7200333710818112,1.3519242716306954,1.7097645615917219,1.704080951678845,0.1929093207456487,1.9867363729767618,1.2844924259565231
0.3771080213431605,1.2042900071943725,1.8517525532591534,1.8113430748428385,0.8883679952692418,1.6360506396406373,1.5919954353169687,0.17929326341446103,1.674374740020848,1.042447137912117
0.35500876229774897,1.952407563689323,1.9222067498394166,1.8159444278183228,1.284529572011423,1.9391417531756108,1.6621015201521194,0.20365856955535652,1.587648439132573,0.9588321863447697
0.4240280424254952,1.952407563689323,1.8279936212323233,1.859862090022594,1.8182905517293368,1.441497282602954,1.604507059306305,0.17154305068014547,1.7864570679028093,1.0493913306486111
0.3774446896643277,1.795962377920947,1.9222067498394166,1.8387881552346501,1.2281946734493714,1.0051173853772128,1.5416693035481974,0.21916702748017328,1.602067209253329,0.9588321863447697
0.3725371025615017,0.8837411524745324,1.812305187185157,1.6853286046228213,1.3519242716306954,1.8171202772950625,1.604507059306305,0.1924331276991792,1.8686137314501348,1.1538078101872447
0.3734616454510418,1.8667930033671394,1.8279936212323233,1.9143870408988575,1.8182905517293368,1.7141453794235055,1.604507059306305,0.2337944035596723,1.587648439132573,1.00815131930327
0.34491967362964404,1.952407563689323,1.9222067498394166,1.7886027738444072,1.4062869742403579,1.0051173853772128,1.5416693035481974,0.17154305068014547,1.4900357195237985,0.9588321863447697
0.42613402794678357,1.508818210037533,1.9624312707038245,1.9032468955687394,1.1179011499595697,1.2591904110288379,1.5765474380281503,0.2890018647193214,1.6169588713392569,1.091932595134617
0.3578348746300819,1.826738670083959,1.892487703235001,1.9799770891199546,1.004690671040084,1.1696641526863698,1.846896585932424,0.18730756295120599,1.7583075323466828,0.9717493550450305
0.3897871175911995,1.1078480878698553,1.812305187185157,1.6853286046228213,1.3386693564944292,1.525922506446345,1.604507059306305,0.20921876305459952,1.9857366306566748,1.0679281744543958
0.37794230401731616,1.7326635550821181,1.8279936212323233,1.6853286046228213,1.3519242716306954,1.7097645615917219,1.604507059306305,0.1924331276991792,1.4744417754257735,1.1538078101872447
0.3897871175911995,1.6609140547556005,1.9329429694540998,1.7217407124878856,1.0909266905623725,1.8141035456546946,1.5590026221742819,0.2370726345077194,1.587648439132573,0.9069803865833033
0.2839704412743593,1.834996589761722,1.892487703235001,1.8037751619623201,1.004690671040084,1.1696641526863698,1.846896585932424,0.1821186437484974,1.7583075323466828,0.9717493550450305
0.3879529580938853,1.6132906232960555,1.8594591355871457,1.8870470568946591,1.2942205377918534,1.9994990306897182,1.5806098475440438,0.2142061978940834,1.9153453962203126,0.9888789235793046
0.3388151305097893,1.9612158070452557,1.776351305100452,1.8068742295812918,1.5092357909585752,0.9948636024479778,1.5643758469183346,0.21067071363876202,1.9867363729767618,1.2775046105757473
0.34970104026720983,1.795962377920947,1.8153993740489662,1.9116074826123524,1.6264674895501023,1.441497282602954,1.604507059306305,0.1768881993869398,1.9308104092274594,1.038990841645744
0.4192748729225484,1.1078480878698553,1.812305187185157,1.6853286046228213,1.1615939492842726,1.7097645615917219,1.604507059306305,0.1924331276991792,1.4744417754257735,1.1538078101872447
0.4542608307655679,1.8883634588388614,1.8279936212323233,1.859862090022594,1.8182905517293368,1.1643534250802583,1.604507059306305,0.23162204056780883,1.7864570679028093,1.148897861506779
0.4293134629485478,1.8529789477642322,1.8912724936304997,1.9251589018016158,1.494889616385954,0.9958472658313259,1.549405939765478,0.19993908996819437,1.5218798841057306,1.0985512634024384
0.34491967362964404,1.8281661397776694,1.833973294724021,1.7893393800126352,1.4062869742403579,1.7073887805562409,1.5416693035481974,0.1924331276991792,1.602067209253329,1.1606196387739065
0.35456078926267015,1.6132906232960555,1.9458963017871485,1.9116074826123524,0.7699272542302058,0.6111693240830719,1.4771992047318825,0.1927300523197802,1.3123283622689224,0.9588321863447697
0.4494442214978281,1.4791582257588276,1.8594591355871457,1.834339570067139,1.0947948712725215,1.7881622864689766,1.5810312492192933,0.20630083287223686,1.9153453962203126,1.0049105308723287
0.36021564017145913,1.8009756375916997,1.8163259002291918,1.949085688353453,1.355788090790103,1.441497282602954,1.5670253339728575,0.1887767499363867,1.7433945987225141,1.064896701854002
0.3613401260314093,1.4263262293628722,1.892487703235001,1.7849647951295033,1.2942205377918534,1.7141453794235055,1.846896585932424,0.20365856955535652,1.587648439132573,1.00815131930327
0.3897871175911995,0.958137900363925,1.812305187185157,1.9721033986133867,1.2267438358955651,1.1159290992716973,1.4866564407416272,0.19416173290100763,1.268929540480753,1.2637294459007173
0.34491967362964404,1.977521603647752,1.7209334631458173,1.745292595028287,1.4539525695027617,1.1036405599931414,1.8485433905064081,0.20374594999577028,1.6319252619679754,1.2775046105757473
0.3613401260314093,1.4263262293628722,1.892487703235001,1.7849647951295033,1.2942205377918534,1.7141453794235055,1.846896585932424,0.20365856955535652,1.587648439132573,1.038990841645744
0.4086771416298849,1.8400660530253585,1.8912724936304997,1.8113430748428385,0.9744891155607761,1.514525768438531,1.8296368482265728,0.21916702748017328,1.82794548581431,1.080108927662244
0.4494442214978281,1.4791582257588276,1.852973105733152,1.916409752648241,1.0692771098230176,1.932269597510694,1.5810312492192933,0.19427909290873002,1.5593881076852085,1.0049105308723287
0.36021564017145913,1.4555587414735554,1.7377831319737511,1.916409752648241,0.945024261789072,1.441497282602954,1.4671652788537106,0.17871883427812815,1.5593881076852085,1.2327192555930857
0.3104066280210627,1.8496050516431968,1.9458963017871485,1.9116074826123524,0.9451081256757486,0.7825421579024813,1.697784196363641,0.1927300523197802,1.3123283622689224,0.9588321863447697
0.40755882662818693,1.952407563689323,1.8279936212323233,1.6853286046228213,1.4251742559066904,1.525922506446345,1.604507059306305,0.2073796801411111,1.9857366306566748,1.0119385957417069
0.40755882662818693,1.64828696929464,1.874556871692535,1.7217407124878856,1.2691177025062557,1.9391417531756108,1.5590026221742819,0.2370726345077194,1.6371254294393354,1.00815131930327
0.3897871175911995,1.6985219746104039,1.8279936212323233,1.9135634551266238,1.2267438358955651,1.525922506446345,1.6621015201521194,0.20365856955535652,1.9857366306566748,1.00815131930327
0.3897871175911995,1.881283983682129,1.7640805192584343,1.6853286046228213,0.945024261789072,1.9658662201909836,1.604507059306305,0.2145747924208478,1.5593881076852085,1.1538078101872447
0.3706311448360299,1.7326635550821181,1.8517525532591534,1.8072837216274849,0.8883679952692418,1.6360506396406373,1.604507059306305,0.2510600025278003,1.9857366306566748,1.042447137912117
0.40753359765345626,0.8985898166838396,1.8895329636049947,1.9066348045030577,1.5083198830066438,1.0272443950657308,1.604507059306305,0.1924331276991792,1.8686137314501348,1.3715946669966734
0.3725371025615017,0.8090806149723476,1.812305187185157,1.5893402083467936,1.3519242716306954,1.8171202772950625,1.604507059306305,0.1924331276991792,1.9147755143531267,1.1538078101872447
0.3613401260314093,1.95708562625541,1.8912724936304997,1.8113430748428385,0.9595150823991825,1.4867372271647077,1.8296368482265728,0.2320205211839953,1.82794548581431,1.080108927662244
0.376179538177737,1.4263262293628722,1.892487703235001,1.7849647951295033,1.355788090790103,1.441497282602954,1.846896585932424,0.17916763062624066,1.877729288481236,1.064896701854002
0.36789440003292095,1.8281661397776694,1.8740843363856277,1.9712753166643449,0.9451081256757486,1.7073887805562409,1.6273595788550597,0.15346575105310176,1.8149123614571905,1.1606196387739065
0.3950021087333155,1.7326635550821181,1.8279936212323233,1.9135634551266238,1.2267438358955651,1.525922506446345,1.6621015201521194,0.20577393740529337,1.9857366306566748,1.00815131930327
0.4293134629485478,1.5844433586210536,1.8594591355871457,1.9251589018016158,1.0947948712725215,1.065800546182648,1.549405939765478,0.19993908996819437,1.5218798841057306,1.0985512634024384
0.4450150056320426,1.8371611893369557,1.8279936212323233,1.8688454193425996,1.8182905517293368,1.0621298440331486,1.604507059306305,0.2337944035596723,1.6086361073669382,1.00815131930327
0.3734616454510418,1.8667930033671394,1.8279936212323233,1.9143870408988575,1.8182905517293368,1.7141453794235055,1.604507059306305,0.2096353046698889,1.587648439132573,1.0493913306486111
0.34444734687363104,1.6147220936862317,1.7209334631458173,1.745292595028287,1.4539525695027617,1.1036405599931414,1.8485433905064081,0.20374594999577028,1.7349034228569038,1.3880336320758029
0.3725371025615017,0.8837411524745324,1.812305187185157,1.6853286046228213,1.3519242716306954,1.8171202772950625,1.604507059306305,0.1924331276991792,1.8686137314501348,1.1538078101872447
0.36725580799004254,1.1022315121034847,1.812305187185157,1.8189853381317056,0.7657369135207033,1.2802579830669707,1.4624800064482035,0.18335370895898118,1.935850865689955,1.1925079834142203
0.4086771416298849,1.8921668610157556,1.9429686343845316,1.887838914476322,1.1675860809816918,1.514525768438531,1.8408070353634038,0.21916702748017328,1.9773006493111667,1.0329723519360818
0.376179538177737,1.95708562625541,1.8912724936304997,1.8113430748428385,0.9595150823991825,1.4867372271647077,1.8296368482265728,0.2320205211839953,1.82794548581431,1.080108927662244
0.34970104026720983,1.795962377920947,1.8153993740489662,1.9116074826123524,1.6264674895501023,1.441497282602954,1.5351803381650646,0.1768881993869398,1.9308104092274594,1.038990841645744
0.42613402794678357,1.3426393993489976,1.9624312707038245,1.9032468955687394,1.1179011499595697,1.2591904110288379,1.5765474380281503,0.18884227418888,1.6169588713392569,1.0679281744543958
0.34491967362964404,1.8281661397776694,1.8507008166498342,1.8075528891672124,1.0294916967742704,1.7073887805562409,1.8013304953217872,0.1924331276991792,1.602067209253329,1.1606196387739065
0.35500876229774897,1.952407563689323,1.9222067498394166,1.8159444278183228,1.284529572011423,1.9391417531756108,1.8013304953217872,0.21657758906008753,1.5311599385205446,0.9588321863447697
0.2839704412743593,1.8202760742936779,1.8279936212323233,1.8688454193425996,1.004690671040084,1.0621298440331486,1.604507059306305,0.1821186437484974,1.7421352154578527,1.0493913306486111
0.33723741994570544,1.7142629529863058,1.776351305100452,1.6366416575882374,1.4539525695027617,1.2341547709832363,1.6942364331112791,0.1924331276991792,1.9867363729767618,1.2775046105757473
0.34491967362964404,1.8281661397776694,1.833973294724021,1.8230430753480322,1.4062869742403579,1.7073887805562409,1.5416693035481974,0.1924331276991792,1.602067209253329,1.1606196387739065
0.3823288999122817,1.8444716384634132,1.852973105733152,1.916409752648241,0.945024261789072,0.5283368793013059,1.5706755539649955,0.1927300523197802,1.9153453962203126,1.0798490562161467
0.4399176481602785,1.4791582257588276,1.8594591355871457,1.7889595205670847,1.0947948712725215,1.9391417531756108,1.9211847706798382,0.21441022042796562,1.5593881076852085,0.9588321863447697
0.34970104026720983,1.9757780627207204,1.8153993740489662,1.8906518782530233,1.6264674895501023,0.6331380691880327,1.697784196363641,0.1768881993869398,1.5593881076852085,1.00815131930327
0.3578348746300819,1.826738670083959,1.8613938868863023,1.9799770891199546,1.1924275402785711,1.1152956192394892,1.846896585932424,0.18730756295120599,1.7583075323466828,0.9717493550450305
0.3559286155698885,1.9052885811393183,1.812305187185157,1.6853286046228213,1.3754001252034587,1.1698398490883888,1.604507059306305,0.1924331276991792,1.82794548581431,0.9960356211587514
0.4293134629485478,1.0589471069731262,1.881978876630534,1.9251589018016158,1.494889616385954,0.9958472658313259,1.549405939765478,0.20607583243467043,1.5218798841057306,1.0985512634024384
0.4494442214978281,1.4791582257588276,1.8594591355871457,1.7886027738444072,1.2382735993769782,1.9165643416631637,1.5810312492192933,0.20630083287223686,1.9153453962203126,0.996480523705271
0.42613402794678357,1.508818210037533,1.9624312707038245,1.9032468955687394,1.1179011499595697,1.2591904110288379,1.5340737571425689,0.22703750180675342,1.6169588713392569,1.091932595134617
0.36105182939207453,1.795962377920947,1.8279936212323233,1.9917394033276379,1.2567842866889811,0.6099625968155903,1.8100771801780178,0.21657758906008753,1.8159877225148793,1.0493913306486111
0.3879529580938853,1.6132906232960555,1.8594591355871457,1.8870470568946591,1.366531017773887,0.9738992286439377,1.6196159097693779,0.22064660014907336,1.9153453962203126,1.012026042806152
0.40856831674427124,1.9174452703118505,1.7897072957331321,1.6853286046228213,1.2267438358955651,1.7472488216143,1.604507059306305,0.1954257149370596,1.9134875890483487,1.0679281744543958
0.34358075025942014,1.878662242198942,1.7835442046157273,1.8161081881722005,0.8893695521844796,1.353556510172474,1.604507059306305,0.18935396569435858,1.7864570679028093,1.2439150099769987
0.3859392383627341,1.2682791485435665,1.8279936212323233,1.9116074826123524,1.0900470423823923,1.7514324886063566,1.471655709234037,0.19713439270243197,1.6488938029768299,1.130041799556026
0.42613402794678357,1.132463188670481,1.9624312707038245,1.949085688353453,1.4929883830346333,1.2591904110288379,1.5951958597572347,0.20365856955535652,1.587648439132573,1.091932595134617
0.3578348746300819,1.826738670083959,1.924409081518148,1.7849647951295033,1.004690671040084,1.814710920682004,1.8980437172045928,0.18730756295120599,1.7583075323466828,0.9717493550450305
0.3695155182741075,1.8883634588388614,1.849656698331045,1.859862090022594,1.8182905517293368,1.2802286972622476,1.604507059306305,0.17154305068014547,1.7864570679028093,1.0493913306486111
0.4240280424254952,1.952407563689323,1.8279936212323233,1.859862090022594,1.8182905517293368,1.441497282602954,1.604507059306305,0.23162204056780883,1.7864570679028093,1.1996106300391234
0.36725580799004254,1.9781289083357512,1.7897072957331321,1.6853286046228213,0.9451081256757486,1.7141453794235055,1.5340737571425689,0.18188866056822903,1.9134875890483487,1.042447137912117
0.4192748729225484,1.1078480878698553,1.812305187185157,1.6853286046228213,1.1615939492842726,1.7097645615917219,1.604507059306305,0.1924331276991792,1.8793731384397376,1.0606053675882663
0.3897871175911995,1.6147220936862317,1.874556871692535,1.7627662969321225,1.0909266905623725,1.9391417531756108,1.7426862796936815,0.2370726345077194,1.6371254294393354,1.00815131930327
0.3869062349356882,1.8782564360423217,1.8163259002291918,1.6802780940028024,1.355788090790103,1.441497282602954,1.5670253339728575,0.1887767499363867,1.7433945987225141,1.064896701854002
0.36789440003292095,1.8281661397776694,1.833973294724021,1.920363942548748,1.310804489889579,1.7176440869928467,1.6273595788550597,0.14507522120782215,1.5966376415624892,1.1606196387739065
0.376179538177737,1.6612873402911759,1.8912724936304997,1.8113430748428385,0.9595150823991825,1.3810460131715852,1.8296368482265728,0.2102372555395415,1.82794548581431,1.080108927662244
0.4574491375021339,1.1078480878698553,1.8279936212323233,1.8688454193425996,0.7766206853458308,1.4717788256602284,1.6588780214270569,0.2320205211839953,1.845195969824435,1.1538078101872447
0.3515812254227048,1.795962377920947,1.8279936212323233,1.6853286046228213,1.0294916967742704,1.525922506446345,1.604507059306305,0.17087797243784375,1.7864570679028093,1.0493913306486111
0.4086771416298849,1.9982418213135875,1.824650515977577,1.9812925608796523,1.138341597165651,0.7593679459871092,1.5822292843632817,0.24417676154819265,1.5593881076852085,1.027794507660219
0.3774446896643277,1.795962377920947,1.9222067498394166,1.8387881552346501,0.9311279713960328,0.8147918733392875,1.5416693035481974,0.21916702748017328,1.602067209253329,0.9588321863447697
0.38037345789681104,1.0997741169584734,1.93713615141797,1.9146927047825661,1.1389437732744088,1.0051173853772128,1.549388271219834,0.25166968013933166,1.8084684500375632,1.042447137912117
0.42613402794678357,1.6406179770766098,1.8594591355871457,1.9032468955687394,1.494889616385954,1.2591904110288379,1.5810312492192933,0.19993908996819437,1.7160468399704423,1.091932595134617
0.3487986181096069,1.4384951656062042,1.8806962425161382,1.6839958597056899,0.9595150823991825,1.525922506446345,1.8604181625723228,0.18884227418888,1.674374740020848,1.0679281744543958
0.376179538177737,1.95708562625541,1.8912724936304997,1.8113430748428385,0.9595150823991825,1.4867372271647077,1.8296368482265728,0.2320205211839953,1.82794548581431,1.0725585076865196
0.35456078926267015,1.7796143604590562,1.9458963017871485,1.9116074826123524,0.7699272542302058,0.6111693240830719,1.4771992047318825,0.1927300523197802,1.3123283622689224,0.9588321863447697
0.4086771416298849,1.795962377920947,1.8279936212323233,1.6853286046228213,0.9744891155607761,1.922572045440659,1.604507059306305,0.17087797243784375,1.82794548581431,1.080108927662244
0.42613402794678357,1.6406179770766098,1.8594591355871457,1.9032468955687394,1.3519242716306954,1.2591904110288379,1.5810312492192933,0.19993908996819437,1.7160468399704423,1.091932595134617
0.42613402794678357,1.132463188670481,1.9624312707038245,1.949085688353453,1.4929883830346333,1.2591904110288379,1.5951958597572347,0.20365856955535652,1.587648439132573,1.091932595134617
0.42613402794678357,1.508818210037533,1.9624312707038245,1.9032468955687394,1.1179011499595697,1.2591904110288379,1.4671652788537106,0.23527888934288146,1.6169588713392569,0.9602155434251961
0.36021564017145913,1.4555587414735554,1.7377831319737511,1.916409752648241,0.945024261789072,1.441497282602954,1.5306097634715499,0.17871883427812815,1.5593881076852085,1.4098041866536923
0.3613401260314093,1.795962377920947,1.8153993740489662,1.9116074826123524,0.9595150823991825,1.441497282602954,1.485391977947969,0.24083582176651935,1.8630478943512485,1.038990841645744
0.34970104026720983,1.95708562625541,1.8912724936304997,1.8113430748428385,1.6264674895501023,1.3988983366488168,1.8296368482265728,0.1768881993869398,1.8553801753235768,1.080108927662244
0.34491967362964404,1.8281661397776694,1.833973294724021,1.8230430753480322,1.4062869742403579,1.7073887805562409,1.5416693035481974,0.1924331276991792,1.2564960686630557,1.0566472802001774
0.4574491375021339,1.1078480878698553,1.8279936212323233,1.9646807825008854,0.7766206853458308,1.588820022691467,1.435856582574922,0.2821126052251019,1.845195969824435,1.1606196387739065
0.36725580799004254,1.9757780627207204,1.8516812003299081,1.8189853381317056,0.7657369135207033,0.6331380691880327,1.4624800064482035,0.18335370895898118,1.5593881076852085,1.00815131930327
0.34970104026720983,1.0889591594565875,1.8153993740489662,1.8906518782530233,1.6264674895501023,1.2802579830669707,1.9092837133874845,0.1768881993869398,1.935850865689955,1.1925079834142203
0.42613402794678357,1.508818210037533,1.8594591355871457,1.8870470568946591,1.1179011499595697,1.2591904110288379,1.6196159097693779,0.22703750180675342,1.9153453962203126,1.012026042806152
0.4429129815064846,1.4791582257588276,1.8594591355871457,1.7886027738444072,1.2382735993769782,1.9165643416631637,1.5810312492192933,0.20630083287223686,1.9153453962203126,0.996480523705271
0.3725371025615017,0.8090806149723476,1.812305187185157,1.5893402083467936,1.3519242716306954,1.8171202772950625,1.604507059306305,0.20654015434422568,1.9147755143531267,1.1538078101872447
0.4574491375021339,1.1078480878698553,1.8279936212323233,1.8688454193425996,0.7766206853458308,1.4717788256602284,1.8296368482265728,0.2320205211839953,1.845195969824435,1.1538078101872447
0.4240280424254952,1.952407563689323,1.7360658208384145,1.9802181886113368,1.8182905517293368,1.441497282602954,1.604507059306305,0.23162204056780883,1.7864570679028093,1.1996106300391234
0.2946159841869341,1.878662242198942,1.7835442046157273,1.7474381700240609,1.2010513530894147,1.353556510172474,1.604507059306305,0.18935396569435858,1.7864570679028093,1.0417721943814755
0.34970104026720983,1.795962377920947,1.8153993740489662,1.9116074826123524,1.6264674895501023,1.441497282602954,1.5351803381650646,0.1768881993869398,1.9308104092274594,1.038990841645744
0.3559286155698885,1.9052885811393183,1.812305187185157,1.6853286046228213,1.3754001252034587,1.1698398490883888,1.604507059306305,0.1924331276991792,1.82794548581431,0.9960356211587514
0.3613401260314093,1.4263262293628722,1.892487703235001,1.9143870408988575,1.2942205377918534,1.7141453794235055,1.7595305587773042,0.20365856955535652,1.587648439132573,1.038990841645744
0.40755882662818693,1.0589471069731262,1.881978876630534,1.9251589018016158,1.4251742559066904,0.9958472658313259,1.549405939765478,0.20607583243467043,1.5218798841057306,1.0985512634024384
0.4293134629485478,1.5941231929776436,1.8279936212323233,1.6853286046228213,1.494889616385954,1.525922506446345,1.604507059306305,0.2073796801411111,1.9857366306566748,1.0119385957417069
0.3425282171535284,1.132463188670481,1.9624312707038245,1.9143870408988575,1.4929883830346333,1.2591904110288379,1.5951958597572347,0.20365856955535652,1.669173157064187,1.091932595134617
0.3515812254227048,1.795962377920947,1.8279936212323233,1.6853286046228213,1.0294916967742704,1.5082821112426408,1.604507059306305,0.21304310723854228,1.2721533352469758,1.1123954585110782
0.36725580799004254,1.6124444914089122,1.812305187185157,1.8189853381317056,0.7657369135207033,1.2802579830669707,1.5416693035481974,0.18335370895898118,1.935850865689955,1.1925079834142203
0.3578348746300819,1.7051200695087398,1.924409081518148,1.9301377079296316,1.552971216333264,1.814710920682004,1.8980437172045928,0.18730756295120599,1.7583075323466828,0.9717493550450305
0.40755882662818693,1.952407563689323,1.7835442046157273,1.8161081881722005,0.8893695521844796,1.353556510172474,1.7351772090619733,0.2209657238999846,1.6741586884485276,1.1266708630007713
0.34358075025942014,1.878662242198942,1.8279936212323233,1.6853286046228213,1.4251742559066904,1.525922506446345,1.604507059306305,0.2073796801411111,1.863697646078985,1.0119385957417069
0.4240280424254952,1.795962377920947,1.8279936212323233,1.9116074826123524,1.8182905517293368,1.441497282602954,1.604507059306305,0.23162204056780883,1.7864570679028093,1.1996106300391234
0.37558172749618207,1.9757780627207204,1.920863022605983,1.9951447470128356,0.945024261789072,0.6331380691880327,1.697784196363641,0.24214358730074273,1.5593881076852085,0.9129353952156484
0.4494442214978281,1.4791582257588276,1.852973105733152,1.916409752648241,1.0692771098230176,1.932269597510694,1.604507059306305,0.19427909290873002,1.5593881076852085,1.0049105308723287
0.34358075025942014,1.878662242198942,1.7835442046157273,1.7774237992737563,0.8893695521844796,1.353556510172474,1.5810312492192933,0.18935396569435858,1.7864570679028093,1.2439150099769987
0.3859392383627341,1.0589471069731262,1.8279936212323233,1.9116074826123524,1.0900470423823923,1.7514324886063566,1.579107870857721,0.20250449609244384,1.6488938029768299,1.0797526174778975
0.36725580799004254,1.7424214898353798,1.7897072957331321,1.6853286046228213,0.9451081256757486,1.7141453794235055,1.5340737571425689,0.1733397044509895,1.9134875890483487,1.042447137912117
0.3725371025615017,0.8090806149723476,1.812305187185157,1.4618825628684045,1.3519242716306954,1.7157081468893556,1.604507059306305,0.18188866056822903,1.9147755143531267,1.1538078101872447
0.3487986181096069,1.0824391601411933,1.915924202986673,1.8047887342048174,1.0947948712725215,0.9579240735188529,1.5810312492192933,0.1769721704978282,1.6539294848927055,1.0049105308723287
0.3613401260314093,1.8734491448999178,1.8303764211838578,1.8113430748428385,0.9595150823991825,1.4867372271647077,1.8296368482265728,0.23101965649149983,1.82794548581431,0.9895307899455439
0.376179538177737,1.95708562625541,1.8912724936304997,1.8113430748428385,0.9595150823991825,1.4867372271647077,1.8296368482265728,0.2320205211839953,1.82794548581431,1.0725585076865196
0.4494442214978281,1.4791582257588276,1.852973105733152,1.7471291805356066,0.9490408857220929,1.932269597510694,1.4624800064482035,0.19550970138720267,1.5593881076852085,1.0049105308723287
0.376179538177737,1.5844433586210536,1.8594591355871457,1.8113430748428385,1.0947948712725215,1.065800546182648,1.549405939765478,0.2022139981299858,1.5218798841057306,1.0895463734207187
0.45502851937705513,1.6612873402911759,1.8912724936304997,1.9251589018016158,0.8600925192031674,1.3810460131715852,1.8296368482265728,0.2102372555395415,1.676319857112075,1.080108927662244
0.3447468264203817,1.8667930033671394,1.8279936212323233,1.9143870408988575,1.8182905517293368,1.7367344036934145,1.5765474380281503,0.21304310723854228,1.587648439132573,1.0493913306486111
0.3895820434485011,1.625626651587884,1.8951810998408363,1.9116074826123524,0.9199229125787252,0.5945390133608243,1.5706755539649955,0.1927300523197802,1.3123283622689224,0.9588321863447697
0.4818677270786292,1.6419580692840978,1.8279936212323233,1.9081529594427837,1.1698318126505476,1.1272342798056567,1.9242761731983953,0.34348005331160714,1.8042080590128695,1.189159202432297
0.44382020029365754,1.6725972201644619,1.8517525532591534,1.940723073380508,0.8719054084965967,0.833819428003873,1.604507059306305,0.29259007842128987,1.9857366306566748,1.042447137912117
0.36789440003292095,1.8281661397776694,1.833973294724021,1.7106564599105492,1.310804489889579,1.7176440869928467,1.6273595788550597,0.1924331276991792,1.5966376415624892,1.1606196387739065
0.3897871175911995,1.4263262293628722,1.892487703235001,1.7849647951295033,1.2942205377918534,1.7141453794235055,1.8498833173204239,0.20365856955535652,1.587648439132573,1.012026042806152
0.39520089045643786,1.0997741169584734,1.93713615141797,1.8688454193425996,1.1389437732744088,1.0051173853772128,1.549388271219834,0.25166968013933166,1.9206813213524327,1.042447137912117
0.4450150056320426,1.8371611893369557,1.8279936212323233,1.875485679178627,1.8182905517293368,1.0621298440331486,1.604507059306305,0.2091204339104733,1.8084684500375632,1.00815131930327
0.4574491375021339,1.1078480878698553,1.8279936212323233,1.8161081881722005,0.7766206853458308,1.353556510172474,1.6588780214270569,0.18935396569435858,1.845195969824435,1.2439150099769987
0.34491967362964404,1.7258243839568224,1.821440232641212,1.9032468955687394,0.9595150823991825,0.697157319052376,1.4632857951336748,0.17358961466774062,1.6109110963735216,1.0725585076865196
0.4574491375021339,1.1078480878698553,1.8279936212323233,1.8189853381317056,0.8211303615014832,1.4717788256602284,1.6588780214270569,0.2320205211839953,1.845195969824435,1.1538078101872447
0.40755882662818693,1.952407563689323,1.8279936212323233,1.6853286046228213,1.4251742559066904,1.525922506446345,1.604507059306305,0.2073796801411111,1.9857366306566748,1.0119385957417069
0.31461278502206386,1.8009756375916997,1.92064891925638,1.9712753166643449,0.9451081256757486,1.6363476891313453,1.5340737571425689,0.22703750180675342,1.49583905375448,0.9250681574104705
0.3725371025615017,0.8090806149723476,1.812305187185157,1.5893402083467936,1.3519242716306954,1.8171202772950625,1.62450594175424,0.1924331276991792,1.9147755143531267,1.2749373988474786
0.4293134629485478,1.685187947893653,1.8594591355871457,1.8214576577024175,1.0947948712725215,1.065800546182648,1.549405939765478,0.19922027441870427,1.674374740020848,1.0985512634024384
0.36725580799004254,1.9781289083357512,1.7897072957331321,1.6853286046228213,0.9451081256757486,1.7141453794235055,1.5897735190732456,0.23445993693783915,1.9134875890483487,1.042447137912117
0.3578348746300819,1.826738670083959,1.8816067976076725,1.9799770891199546,1.1924275402785711,1.1152956192394892,1.846896585932424,0.18730756295120599,1.7583075323466828,0.9717493550450305
